Date;close_dxy
2018-01-01;3.4835000038146973
2018-01-02;3.474400043487549
2018-01-03;3.450200080871582
2018-01-04;3.453900098800659
2018-01-05;3.436150074005127
2018-01-08;3.4495599269866943
2018-01-09;3.4837300777435303
2018-01-10;3.5132999420166016
2018-01-11;3.49180006980896
2018-01-12;3.4595999717712402
2018-01-15;3.419559955596924
2018-01-16;3.3991000652313232
2018-01-17;3.399399995803833
2018-01-18;3.4188599586486816
2018-01-19;3.3996400833129883
2018-01-22;3.4042301177978516
2018-01-23;3.3998000621795654
2018-01-24;3.383660078048706
2018-01-25;3.350640058517456
2018-01-26;3.3422598838806152
2018-01-29;3.325360059738159
2018-01-30;3.347559928894043
2018-01-31;3.3503599166870117
2018-02-01;3.342289924621582
2018-02-02;3.3202600479125977
2018-02-05;3.348059892654419
2018-02-06;3.362420082092285
2018-02-07;3.356800079345703
2018-02-08;3.3991599082946777
2018-02-09;3.4181599617004395
2018-02-12;3.413140058517456
2018-02-13;3.387399911880493
2018-02-14;3.3729000091552734
2018-02-15;3.3310000896453857
2018-02-16;3.322999954223633
2018-02-19;3.3498001098632812
2018-02-20;3.335200071334839
2018-02-21;3.3628599643707275
2018-02-22;3.3977999687194824
2018-02-23;3.392400026321411
2018-02-26;3.394860029220581
2018-02-27;3.384660005569458
2018-02-28;3.4118099212646484
2018-03-01;3.4254000186920166
2018-03-02;3.411679983139038
2018-03-05;3.403899908065796
2018-03-06;3.3942599296569824
2018-03-07;3.3725600242614746
2018-03-08;3.3924400806427
2018-03-09;3.4148600101470947
2018-03-12;3.404360055923462
2018-03-13;3.40585994720459
2018-03-14;3.3970999717712402
2018-03-15;3.3938000202178955
2018-03-16;3.4235000610351562
2018-03-19;3.4351999759674072
2018-03-20;3.422149896621704
2018-03-21;3.4530999660491943
2018-03-22;3.4210500717163086
2018-03-23;3.4258999824523926
2018-03-26;3.423259973526001
2018-03-27;3.389400005340576
2018-03-28;3.3938000202178955
2018-03-29;3.4161500930786133
2018-03-30;3.4188599586486816
2018-04-02;3.421260118484497
2018-04-03;3.4240000247955322
2018-04-04;3.4143199920654297
2018-04-05;3.419600009918213
2018-04-06;3.4235000610351562
2018-04-09;3.4196600914001465
2018-04-10;3.402859926223755
2018-04-11;3.3870599269866943
2018-04-12;3.3824000358581543
2018-04-13;3.3890199661254883
2018-04-16;3.3776400089263916
2018-04-17;3.352260112762451
2018-04-18;3.3635900020599365
2018-04-19;3.361459970474243
2018-04-20;3.372529983520508
2018-04-23;3.4022998809814453
2018-04-24;3.442049980163574
2018-04-25;3.4382998943328857
2018-04-26;3.4721999168395996
2018-04-27;3.4916000366210938
2018-04-30;3.470639944076538
2018-05-01;3.5081000328063965
2018-05-02;3.5632901191711426
2018-05-03;3.573199987411499
2018-05-04;3.557800054550171
2018-05-07;3.5496599674224854
2018-05-08;3.569700002670288
2018-05-09;3.6068999767303467
2018-05-10;3.598900079727173
2018-05-11;3.5667500495910645
2018-05-14;3.5664000511169434
2018-05-15;3.5801000595092773
2018-05-16;3.6366000175476074
2018-05-17;3.6161999702453613
2018-05-18;3.642899990081787
2018-05-21;3.654860019683838
2018-05-22;3.6382598876953125
2018-05-23;3.6330599784851074
2018-05-24;3.6730599403381348
2018-05-25;3.6757500171661377
2018-05-28;3.686300039291382
2018-05-29;3.6982600688934326
2018-05-30;3.755959987640381
2018-05-31;3.6909000873565674
2018-06-01;3.6894500255584717
2018-06-04;3.683650016784668
2018-06-05;3.6510000228881836
2018-06-06;3.6489999294281006
2018-06-07;3.6221001148223877
2018-06-08;3.626300096511841
2018-06-11;3.6303999423980713
2018-06-12;3.6218600273132324
2018-06-13;3.6433498859405518
2018-06-14;3.622299909591675
2018-06-15;3.703969955444336
2018-06-18;3.690459966659546
2018-06-19;3.6999599933624268
2018-06-20;3.7195498943328857
2018-06-21;3.726759910583496
2018-06-22;3.7304999828338623
2018-06-25;3.706899881362915
2018-06-26;3.713900089263916
2018-06-27;3.7224600315093994
2018-06-28;3.7622599601745605
2018-06-29;3.771660089492798
2018-07-02;3.736459970474243
2018-07-03;3.776750087738037
2018-07-04;3.7704999446868896
2018-07-05;3.7573599815368652
2018-07-06;3.7211499214172363
2018-07-09;3.7044999599456787
2018-07-10;3.6658599376678467
2018-07-11;3.6821999549865723
2018-07-12;3.7171599864959717
2018-07-13;3.7040998935699463
2018-07-16;3.6913599967956543
2018-07-17;3.6733999252319336
2018-07-18;3.685760021209717
2018-07-19;3.7007501125335693
2018-07-20;3.72406005859375
2018-07-23;3.6786999702453613
2018-07-24;3.700500011444092
2018-07-25;3.6815600395202637
2018-07-26;3.660399913787842
2018-07-27;3.683799982070923
2018-07-30;3.673759937286377
2018-07-31;3.646549940109253
2018-08-01;3.6565001010894775
2018-08-02;3.654400110244751
2018-08-03;3.6910998821258545
2018-08-06;3.6785600185394287
2018-08-07;3.6823599338531494
2018-08-08;3.668440103530884
2018-08-09;3.672300100326538
2018-08-10;3.7119600772857666
2018-08-13;3.767400026321411
2018-08-14;3.77266001701355
2018-08-15;3.7932000160217285
2018-08-16;3.8092100620269775
2018-08-17;3.786099910736084
2018-08-20;3.76203989982605
2018-08-21;3.7480599880218506
2018-08-22;3.7083499431610107
2018-08-23;3.6850500106811523
2018-08-24;3.715970039367676
2018-08-27;3.6701300144195557
2018-08-28;3.654129981994629
2018-08-29;3.6510000228881836
2018-08-30;3.6603100299835205
2018-08-31;3.6853599548339844
2018-09-03;3.709199905395508
2018-09-04;3.694499969482422
2018-09-05;3.719599962234497
2018-09-06;3.7171499729156494
2018-09-07;3.7198500633239746
2018-09-10;3.7293999195098877
2018-09-11;3.719399929046631
2018-09-12;3.7109498977661133
2018-09-13;3.7042500972747803
2018-09-14;3.6808600425720215
2018-09-17;3.701620101928711
2018-09-18;3.683069944381714
2018-09-19;3.6699600219726562
2018-09-20;3.671250104904175
2018-09-21;3.642400026321411
2018-09-24;3.667099952697754
2018-09-25;3.656899929046631
2018-09-26;3.6427700519561768
2018-09-27;3.63565993309021
2018-09-28;3.668440103530884
2018-10-01;3.6883599758148193
2018-10-02;3.702199935913086
2018-10-03;3.7193000316619873
2018-10-04;3.746000051498413
2018-10-05;3.7410600185394287
2018-10-08;3.7356600761413574
2018-10-09;3.755510091781616
2018-10-10;3.7393999099731445
2018-10-11;3.7467000484466553
2018-10-12;3.7144100666046143
2018-10-15;3.718830108642578
2018-10-16;3.7024199962615967
2018-10-17;3.7000999450683594
2018-10-18;3.72979998588562
2018-10-19;3.7578999996185303
2018-10-22;3.732340097427368
2018-10-23;3.742959976196289
2018-10-24;3.7442100048065186
2018-10-25;3.7809998989105225
2018-10-26;3.788520097732544
2018-10-29;3.7799999713897705
2018-10-30;3.8041999340057373
2018-10-31;3.8169000148773193
2018-11-01;3.8361599445343018
2018-11-02;3.7892000675201416
2018-11-05;3.7771100997924805
2018-11-06;3.771199941635132
2018-11-07;3.7611000537872314
2018-11-08;3.7486300468444824
2018-11-09;3.763279914855957
2018-11-12;3.786400079727173
2018-11-13;3.8344500064849854
2018-11-14;3.795599937438965
2018-11-15;3.794990062713623
2018-11-16;3.7846999168395996
2018-11-19;3.781820058822632
2018-11-20;3.77839994430542
2018-11-21;3.7906999588012695
2018-11-22;3.7781999111175537
2018-11-23;3.765199899673462
2018-11-26;3.785290002822876
2018-11-27;3.7911999225616455
2018-11-28;3.799999952316284
2018-11-29;3.7690200805664062
2018-11-30;3.762120008468628
2018-12-03;3.7811999320983887
2018-12-04;3.765549898147583
2018-12-05;3.7743000984191895
2018-12-06;3.7731499671936035
2018-12-07;3.7622499465942383
2018-12-10;3.7646000385284424
2018-12-11;3.7816998958587646
2018-12-12;3.796950101852417
2018-12-13;3.7723400592803955
2018-12-14;3.7786800861358643
2018-12-17;3.795799970626831
2018-12-18;3.7732999324798584
2018-12-19;3.7666499614715576
2018-12-20;3.7664999961853027
2018-12-21;3.738600015640259
2018-12-24;3.7658300399780273
2018-12-25;3.7604000568389893
2018-12-26;3.760499954223633
2018-12-27;3.7681000232696533
2018-12-28;3.754879951477051
2018-12-31;3.756850004196167
2019-01-01;3.740299940109253
2019-01-02;3.7400999069213867
2019-01-03;3.7976999282836914
2019-01-04;3.7655999660491943
2019-01-07;3.7603800296783447
2019-01-08;3.74111008644104
2019-01-09;3.75
2019-01-10;3.722899913787842
2019-01-11;3.7322299480438232
2019-01-14;3.743259906768799
2019-01-15;3.738529920578003
2019-01-16;3.759429931640625
2019-01-17;3.7555201053619385
2019-01-18;3.762589931488037
2019-01-21;3.7737998962402344
2019-01-22;3.767199993133545
2019-01-23;3.7715001106262207
2019-01-24;3.7669999599456787
2019-01-25;3.7901999950408936
2019-01-28;3.7549500465393066
2019-01-29;3.7546401023864746
2019-01-30;3.7546401023864746
2019-01-31;3.72979998588562
2019-02-01;3.723400115966797
2019-02-04;3.7391300201416016
2019-02-05;3.745990037918091
2019-02-06;3.757200002670288
2019-02-07;3.778670072555542
2019-02-08;3.7972099781036377
2019-02-11;3.8059499263763428
2019-02-12;3.83270001411438
2019-02-13;3.8174800872802734
2019-02-14;3.850800037384033
2019-02-15;3.832900047302246
2019-02-18;3.8336000442504883
2019-02-19;3.8276000022888184
2019-02-20;3.8174500465393066
2019-02-21;3.816999912261963
2019-02-22;3.820319890975952
2019-02-25;3.8262999057769775
2019-02-26;3.815840005874634
2019-02-27;3.7939000129699707
2019-02-28;3.790800094604492
2019-03-01;3.783099889755249
2019-03-04;3.7841999530792236
2019-03-05;3.7892000675201416
2019-03-06;3.802649974822998
2019-03-07;3.7985599040985107
2019-03-08;3.8522000312805176
2019-03-11;3.829400062561035
2019-03-12;3.819200038909912
2019-03-13;3.808150053024292
2019-03-14;3.793600082397461
2019-03-15;3.804349899291992
2019-03-18;3.7976999282836914
2019-03-19;3.7860000133514404
2019-03-20;3.77524995803833
2019-03-21;3.743259906768799
2019-03-22;3.766550064086914
2019-03-25;3.8055999279022217
2019-03-26;3.7915101051330566
2019-03-27;3.8044700622558594
2019-03-28;3.814300060272217
2019-03-29;3.8245999813079834
2019-04-01;3.832200050354004
2019-04-02;3.834399938583374
2019-04-03;3.834700107574463
2019-04-04;3.8162999153137207
2019-04-05;3.822499990463257
2019-04-08;3.824399948120117
2019-04-09;3.808000087738037
2019-04-10;3.8032000064849854
2019-04-11;3.794800043106079
2019-04-12;3.8027100563049316
2019-04-15;3.784899950027466
2019-04-16;3.781100034713745
2019-04-17;3.7860000133514404
2019-04-18;3.7796499729156494
2019-04-19;3.8076000213623047
2019-04-22;3.804800033569336
2019-04-23;3.804450035095215
2019-04-24;3.8170900344848633
2019-04-25;3.851799964904785
2019-04-26;3.8526999950408936
2019-04-29;3.852260112762451
2019-04-30;3.837599992752075
2019-05-01;3.8203999996185303
2019-05-02;3.824399948120117
2019-05-03;3.836899995803833
2019-05-06;3.8287999629974365
2019-05-07;3.8232500553131104
2019-05-08;3.832050085067749
2019-05-09;3.833199977874756
2019-05-10;3.8308000564575195
2019-05-13;3.8257501125335693
2019-05-14;3.8338000774383545
2019-05-15;3.8447999954223633
2019-05-16;3.8358500003814697
2019-05-17;3.850399971008301
2019-05-20;3.8564000129699707
2019-05-21;3.848099946975708
2019-05-23;3.858299970626831
2019-05-24;3.848400115966797
2019-05-27;3.830199956893921
2019-05-28;3.8315999507904053
2019-05-29;3.846950054168701
2019-05-30;3.85509991645813
2019-05-31;3.8525099754333496
2019-06-03;3.831549882888794
2019-06-04;3.8053998947143555
2019-06-05;3.80049991607666
2019-06-06;3.8089001178741455
2019-06-07;3.788019895553589
2019-06-10;3.761699914932251
2019-06-11;3.764899969100952
2019-06-12;3.7620999813079834
2019-06-13;3.7679998874664307
2019-06-14;3.7725000381469727
2019-06-17;3.7946999073028564
2019-06-18;3.7957000732421875
2019-06-19;3.802799940109253
2019-06-20;3.7923998832702637
2019-06-21;3.7642500400543213
2019-06-24;3.7353498935699463
2019-06-25;3.729099988937378
2019-06-26;3.7425999641418457
2019-06-27;3.744649887084961
2019-06-28;3.737879991531372
2019-07-01;3.734100103378296
2019-07-02;3.755500078201294
2019-07-03;3.757699966430664
2019-07-04;3.755199909210205
2019-07-05;3.757659912109375
2019-07-08;3.786900043487549
2019-07-09;3.7950000762939453
2019-07-10;3.8097000122070312
2019-07-11;3.787600040435791
2019-07-12;3.7918999195098877
2019-07-15;3.7871999740600586
2019-07-16;3.78410005569458
2019-07-17;3.7962000370025635
2019-07-18;3.7962000370025635
2019-07-19;3.777250051498413
2019-07-22;3.788990020751953
2019-07-23;3.7888500690460205
2019-07-24;3.8180999755859375
2019-07-25;3.8150999546051025
2019-07-26;3.8197999000549316
2019-07-29;3.8366100788116455
2019-07-30;3.8478500843048096
2019-07-31;3.8513998985290527
2019-08-01;3.871500015258789
2019-08-02;3.8882999420166016
2019-08-05;3.8780200481414795
2019-08-06;3.8424999713897705
2019-08-07;3.852299928665161
2019-08-08;3.856300115585327
2019-08-09;3.862139940261841
2019-08-12;3.8592000007629395
2019-08-13;3.859060049057007
2019-08-14;3.876800060272217
2019-08-15;3.92399001121521
2019-08-16;3.934000015258789
2019-08-19;3.913300037384033
2019-08-20;3.9421000480651855
2019-08-21;3.928999900817871
2019-08-22;3.9192099571228027
2019-08-23;3.9312000274658203
2019-08-26;3.9289801120758057
2019-08-27;3.927999973297119
2019-08-28;3.9482998847961426
2019-08-29;3.9602200984954834
2019-08-30;3.966399908065796
2019-09-02;3.9795000553131104
2019-09-03;3.976710081100464
2019-09-04;3.9609999656677246
2019-09-05;3.935499906539917
2019-09-06;3.9339001178741455
2019-09-09;3.937299966812134
2019-09-10;3.921380043029785
2019-09-11;3.9207000732421875
2019-09-12;3.940340042114258
2019-09-13;3.9211199283599854
2019-09-16;3.902669906616211
2019-09-17;3.9361000061035156
2019-09-18;3.911720037460327
2019-09-19;3.933500051498413
2019-09-20;3.9296000003814697
2019-09-23;3.9674899578094482
2019-09-24;3.9927000999450684
2019-09-25;3.976599931716919
2019-09-26;3.9999001026153564
2019-09-27;4.014289855957031
2019-09-30;4.005099773406982
2019-10-01;4.009900093078613
2019-10-02;4.002900123596191
2019-10-03;3.9786999225616455
2019-10-04;3.9477200508117676
2019-10-07;3.931999921798706
2019-10-08;3.9451000690460205
2019-10-09;3.9428699016571045
2019-10-10;3.9358999729156494
2019-10-11;3.9128799438476562
2019-10-14;3.8999199867248535
2019-10-15;3.8946800231933594
2019-10-16;3.88919997215271
2019-10-17;3.867300033569336
2019-10-18;3.8502299785614014
2019-10-21;3.839099884033203
2019-10-22;3.8336000442504883
2019-10-23;3.837860107421875
2019-10-24;3.838099956512451
2019-10-25;3.853300094604492
2019-10-28;3.859100103378296
2019-10-29;3.8501999378204346
2019-10-30;3.8378000259399414
2019-10-31;3.8173201084136963
2019-11-01;3.820310115814209
2019-11-04;3.8078999519348145
2019-11-05;3.836199998855591
2019-11-06;3.8515000343322754
2019-11-07;3.8521499633789062
2019-11-08;3.8526999950408936
2019-11-11;3.8700900077819824
2019-11-12;3.8738999366760254
2019-11-13;3.888040065765381
2019-11-14;3.898099899291992
2019-11-15;3.886699914932251
2019-11-18;3.8653600215911865
2019-11-19;3.874799966812134
2019-11-20;3.8672800064086914
2019-11-21;3.8766000270843506
2019-11-22;3.8828999996185303
2019-11-25;3.8982999324798584
2019-11-26;3.903700113296509
2019-11-27;3.905900001525879
2019-11-28;3.915299892425537
2019-11-29;3.923099994659424
2019-12-02;3.911439895629883
2019-12-03;3.8692901134490967
2019-12-04;3.86299991607666
2019-12-05;3.8589799404144287
2019-12-06;3.8493099212646484
2019-12-09;3.8673698902130127
2019-12-10;3.8745501041412354
2019-12-11;3.8669300079345703
2019-12-12;3.8469998836517334
2019-12-13;3.83240008354187
2019-12-16;3.839740037918091
2019-12-17;3.8209800720214844
2019-12-18;3.821199893951416
2019-12-19;3.836400032043457
2019-12-20;3.832200050354004
2019-12-23;3.8411200046539307
2019-12-24;3.852799892425537
2019-12-25;3.8578999042510986
2019-12-26;3.8387999534606934
2019-12-27;3.8371999263763428
2019-12-30;3.809689998626709
2019-12-31;3.7973999977111816
2020-01-01;3.805500030517578
2020-01-02;3.7929999828338623
2020-01-03;3.7939999103546143
2020-01-06;3.801039934158325
2020-01-07;3.7795000076293945
2020-01-08;3.806849956512451
2020-01-09;3.8097000122070312
2020-01-10;3.8217999935150146
2020-01-13;3.810770034790039
2020-01-14;3.80049991607666
2020-01-15;3.794800043106079
2020-01-16;3.793299913406372
2020-01-17;3.800100088119507
2020-01-20;3.8210198879241943
2020-01-21;3.825200080871582
2020-01-22;3.8171000480651855
2020-01-23;3.819499969482422
2020-01-24;3.8410000801086426
2020-01-27;3.8598599433898926
2020-01-28;3.881160020828247
2020-01-29;3.875699996948242
2020-01-30;3.890899896621704
2020-01-31;3.892899990081787
2020-02-03;3.873800039291382
2020-02-04;3.8845601081848145
2020-02-05;3.869999885559082
2020-02-06;3.858299970626831
2020-02-07;3.878499984741211
2020-02-10;3.900789976119995
2020-02-11;3.9066500663757324
2020-02-12;3.898099899291992
2020-02-13;3.909600019454956
2020-02-14;3.914900064468384
2020-02-17;3.916059970855713
2020-02-18;3.930999994277954
2020-02-19;3.952359914779663
2020-02-20;3.9504001140594482
2020-02-21;3.9647998809814453
2020-02-24;3.95986008644104
2020-02-25;3.969899892807007
2020-02-26;3.9572999477386475
2020-02-27;3.9646999835968018
2020-02-28;3.930079936981201
2020-03-02;3.9219000339508057
2020-03-03;3.8742001056671143
2020-03-04;3.8550000190734863
2020-03-05;3.856139898300171
2020-03-06;3.837100028991699
2020-03-09;3.7893099784851074
2020-03-10;3.7972099781036377
2020-03-11;3.80292010307312
2020-03-12;3.8415000438690186
2020-03-13;3.9161999225616455
2020-03-16;3.917759895324707
2020-03-17;3.9745700359344482
2020-03-18;4.05679988861084
2020-03-19;4.097799777984619
2020-03-20;4.273819923400879
2020-03-23;4.209350109100342
2020-03-24;4.2820000648498535
2020-03-25;4.26092004776001
2020-03-26;4.1869797706604
2020-03-27;4.083559989929199
2020-03-30;4.073299884796143
2020-03-31;4.117400169372559
2020-04-01;4.1356000900268555
2020-04-02;4.196800231933594
2020-04-03;4.202899932861328
2020-04-06;4.246399879455566
2020-04-07;4.223299980163574
2020-04-08;4.1539998054504395
2020-04-09;4.170499801635742
2020-04-10;4.160749912261963
2020-04-13;4.16379976272583
2020-04-14;4.158699989318848
2020-04-15;4.114299774169922
2020-04-16;4.161499977111816
2020-04-17;4.171299934387207
2020-04-20;4.15910005569458
2020-04-21;4.162899971008301
2020-04-22;4.177299976348877
2020-04-23;4.2093000411987305
2020-04-24;4.214700222015381
2020-04-27;4.192599773406982
2020-04-28;4.190800189971924
2020-04-29;4.198400020599365
2020-04-30;4.1803998947143555
2020-05-01;4.150899887084961
2020-05-04;4.166819095611572
2020-05-05;4.16855001449585
2020-05-06;4.185800075531006
2020-05-07;4.211520195007324
2020-05-08;4.198160171508789
2020-05-11;4.196899890899658
2020-05-12;4.215099811553955
2020-05-13;4.203609943389893
2020-05-14;4.219200134277344
2020-05-15;4.216040134429932
2020-05-18;4.219699859619141
2020-05-19;4.176720142364502
2020-05-20;4.159200191497803
2020-05-21;4.13070011138916
2020-05-22;4.121699810028076
2020-05-25;4.137400150299072
2020-05-26;4.128600120544434
2020-05-27;4.040979862213135
2020-05-28;4.019480228424072
2020-05-29;4.021500110626221
2020-06-01;3.9874000549316406
2020-06-02;3.9564099311828613
2020-06-03;3.9179000854492188
2020-06-04;3.920599937438965
2020-06-05;3.908099889755249
2020-06-08;3.9159998893737793
2020-06-09;3.90910005569458
2020-06-10;3.9189999103546143
2020-06-11;3.919189929962158
2020-06-12;3.9616000652313232
2020-06-15;3.949399948120117
2020-06-16;3.8929998874664307
2020-06-17;3.944700002670288
2020-06-18;3.9691998958587646
2020-06-19;3.970170021057129
2020-06-22;3.9967100620269775
2020-06-23;3.9328300952911377
2020-06-24;3.9287400245666504
2020-06-25;3.9606399536132812
2020-06-26;3.966749906539917
2020-06-29;3.980149984359741
2020-06-30;3.959700107574463
2020-07-01;3.9540998935699463
2020-07-02;3.977099895477295
2020-07-03;3.9709999561309814
2020-07-06;3.9667000770568848
2020-07-07;3.945549964904785
2020-07-08;3.967679977416992
2020-07-09;3.9459099769592285
2020-07-10;3.954900026321411
2020-07-13;3.949049949645996
2020-07-14;3.957170009613037
2020-07-15;3.919300079345703
2020-07-16;3.9201900959014893
2020-07-17;3.9344000816345215
2020-07-20;3.911250114440918
2020-07-21;3.888230085372925
2020-07-22;3.842479944229126
2020-07-23;3.8220999240875244
2020-07-24;3.8007700443267822
2020-07-27;3.7772998809814453
2020-07-28;3.7304000854492188
2020-07-29;3.7639899253845215
2020-07-30;3.736649990081787
2020-07-31;3.710099935531616
2020-08-03;3.7530899047851562
2020-08-04;3.750880002975464
2020-08-05;3.7207999229431152
2020-08-06;3.7049999237060547
2020-08-07;3.7165000438690186
2020-08-10;3.745919942855835
2020-08-11;3.7469000816345215
2020-08-12;3.7511000633239746
2020-08-13;3.7311999797821045
2020-08-14;3.721299886703491
2020-08-17;3.7083001136779785
2020-08-18;3.7018001079559326
2020-08-19;3.6626999378204346
2020-08-20;3.714169979095459
2020-08-21;3.6886000633239746
2020-08-24;3.7367000579833984
2020-08-25;3.723249912261963
2020-08-26;3.7146599292755127
2020-08-27;3.725559949874878
2020-08-28;3.728100061416626
2020-08-31;3.6793999671936035
2020-09-01;3.6814699172973633
2020-09-02;3.677299976348877
2020-09-03;3.721400022506714
2020-09-04;3.745500087738037
2020-09-07;3.7651000022888184
2020-09-08;3.749500036239624
2020-09-09;3.7792000770568848
2020-09-10;3.7578001022338867
2020-09-11;3.764050006866455
2020-09-14;3.75600004196167
2020-09-15;3.7428998947143555
2020-09-16;3.7590699195861816
2020-09-17;3.7688000202178955
2020-09-18;3.755620002746582
2020-09-21;3.75819993019104
2020-09-22;3.816499948501587
2020-09-23;3.826200008392334
2020-09-24;3.869800090789795
2020-09-25;3.8958699703216553
2020-09-28;3.9137001037597656
2020-09-29;3.926500082015991
2020-09-30;3.854099988937378
2020-10-01;3.861799955368042
2020-10-02;3.813800096511841
2020-10-05;3.8317999839782715
2020-10-06;3.81030011177063
2020-10-07;3.822200059890747
2020-10-08;3.80649995803833
2020-10-09;3.8099000453948975
2020-10-12;3.7769999504089355
2020-10-13;3.770970106124878
2020-10-14;3.8250999450683594
2020-10-15;3.8420400619506836
2020-10-16;3.873379945755005
2020-10-19;3.87719988822937
2020-10-20;3.8833000659942627
2020-10-21;3.853800058364868
2020-10-22;3.855070114135742
2020-10-23;3.8666999340057373
2020-10-26;3.8529999256134033
2020-10-27;3.875499963760376
2020-10-28;3.8891000747680664
2020-10-29;3.938699960708618
2020-10-30;3.957819938659668
2020-11-02;3.957289934158325
2020-11-03;3.9516000747680664
2020-11-04;3.8596999645233154
2020-11-05;3.8645999431610107
2020-11-06;3.8271000385284424
2020-11-09;3.786099910736084
2020-11-10;3.7874999046325684
2020-11-11;3.8044300079345703
2020-11-12;3.8020200729370117
2020-11-13;3.800299882888794
2020-11-16;3.783400058746338
2020-11-17;3.765899896621704
2020-11-18;3.782010078430176
2020-11-19;3.7690799236297607
2020-11-20;3.761899948120117
2020-11-23;3.7623000144958496
2020-11-24;3.7736101150512695
2020-11-25;3.748699903488159
2020-11-26;3.743000030517578
2020-11-27;3.7571699619293213
2020-11-30;3.7474000453948975
2020-12-01;3.751300096511841
2020-12-02;3.6821999549865723
2020-12-03;3.691499948501587
2020-12-04;3.678149938583374
2020-12-07;3.684999942779541
2020-12-08;3.6929500102996826
2020-12-09;3.6740500926971436
2020-12-10;3.6630001068115234
2020-12-11;3.644969940185547
2020-12-14;3.660759925842285
2020-12-15;3.6488399505615234
2020-12-16;3.649199962615967
2020-12-17;3.635059118270874
2020-12-18;3.6153299808502197
2020-12-21;3.6651649475097656
2020-12-22;3.671812057495117
2020-12-23;3.6937201023101807
2020-12-24;3.6903998851776123
2020-12-25;3.690999984741211
2020-12-28;3.6868999004364014
2020-12-29;3.675041913986206
2020-12-30;3.704958915710449
2020-12-31;3.722759962081909
2021-01-01;3.7235000133514404
2021-01-04;3.719630002975464
2021-01-05;3.7162489891052246
2021-01-06;3.682260036468506
2021-01-07;3.665550947189331
2021-01-08;3.6791000366210938
2021-01-11;3.7012150287628174
2021-01-12;3.719007968902588
2021-01-13;3.7000999450683594
2021-01-14;3.7299680709838867
2021-01-15;3.7334001064300537
2021-01-18;3.7572999000549316
2021-01-19;3.7504799365997314
2021-01-20;3.733370065689087
2021-01-21;3.742079973220825
2021-01-22;3.722899913787842
2021-01-25;3.7291998863220215
2021-01-26;3.735300064086914
2021-01-27;3.7327001094818115
2021-01-28;3.754300117492676
2021-01-29;3.7465999126434326
2021-02-01;3.726900100708008
2021-02-02;3.736680030822754
2021-02-03;3.721369981765747
2021-02-04;3.7227001190185547
2021-02-05;3.759399890899658
2021-02-08;3.7207000255584717
2021-02-09;3.711199998855591
2021-02-10;3.6893999576568604
2021-02-11;3.703399896621704
2021-02-12;3.70770001411438
2021-02-15;3.7082600593566895
2021-02-16;3.6940999031066895
2021-02-17;3.7171599864959717
2021-02-18;3.726490020751953
2021-02-19;3.711869955062866
2021-02-22;3.697200059890747
2021-02-23;3.6944398880004883
2021-02-24;3.7090699672698975
2021-02-25;3.700659990310669
2021-02-26;3.7109999656677246
2021-03-01;3.737499952316284
2021-03-02;3.7583999633789062
2021-03-03;3.7511000633239746
2021-03-04;3.770669937133789
2021-03-05;3.810349941253662
2021-03-08;3.843600034713745
2021-03-09;3.8759000301361084
2021-03-10;3.8379199504852295
2021-03-11;3.835740089416504
2021-03-12;3.82177996635437
2021-03-15;3.8313798904418945
2021-03-16;3.8469998836517334
2021-03-17;3.857599973678589
2021-03-18;3.8358800411224365
2021-03-19;3.873699903488159
2021-03-22;3.8882699012756348
2021-03-23;3.8477001190185547
2021-03-24;3.900599956512451
2021-03-25;3.914599895477295
2021-03-26;3.933000087738037
2021-03-29;3.9298999309539795
2021-03-30;3.9639101028442383
2021-03-31;3.9693000316619873
2021-04-01;3.9456000328063965
2021-04-02;3.8942699432373047
2021-04-05;3.9110798835754395
2021-04-06;3.882859945297241
2021-04-07;3.8629000186920166
2021-04-08;3.8494300842285156
2021-04-09;3.8106000423431396
2021-04-12;3.805500030517578
2021-04-13;3.8018999099731445
2021-04-14;3.8173000812530518
2021-04-15;3.7985000610351562
2021-04-16;3.8003900051116943
2021-04-19;3.7916998863220215
2021-04-20;3.775700092315674
2021-04-21;3.779400110244751
2021-04-22;3.78371000289917
2021-04-23;3.7980000972747803
2021-04-26;3.7643001079559326
2021-04-27;3.7702999114990234
2021-04-28;3.776700019836426
2021-04-29;3.768480062484741
2021-04-30;3.7655301094055176
2021-05-03;3.7876999378204346
2021-05-04;3.7632999420166016
2021-05-05;3.7891900539398193
2021-05-06;3.8088600635528564
2021-05-07;3.786600112915039
2021-05-10;3.739300012588501
2021-05-11;3.754309892654419
2021-05-12;3.734999895095825
2021-05-13;3.7669999599456787
2021-05-14;3.7453999519348145
2021-05-17;3.7242000102996826
2021-05-18;3.723759889602661
2021-05-19;3.6984000205993652
2021-05-20;3.7169198989868164
2021-05-21;3.6767001152038574
2021-05-24;3.687299966812134
2021-05-25;3.668529987335205
2021-05-26;3.657979965209961
2021-05-27;3.6898000240325928
2021-05-28;3.6791000366210938
2021-05-31;3.676500082015991
2021-06-01;3.660559892654419
2021-06-02;3.649250030517578
2021-06-03;3.6489200592041016
2021-06-04;3.6744000911712646
2021-06-07;3.6602699756622314
2021-06-08;3.660599946975708
2021-06-09;3.6651999950408936
2021-06-10;3.6728999614715576
2021-06-11;3.66729998588562
2021-06-14;3.71343994140625
2021-06-15;3.724400043487549
2021-06-16;3.730299949645996
2021-06-17;3.771480083465576
2021-06-18;3.8248000144958496
2021-06-21;3.833199977874756
2021-06-22;3.799449920654297
2021-06-23;3.780129909515381
2021-06-24;3.7946200370788574
2021-06-25;3.7869699001312256
2021-06-28;3.7774500846862793
2021-06-29;3.7728800773620605
2021-06-30;3.796099901199341
2021-07-01;3.813230037689209
2021-07-02;3.8107099533081055
2021-07-05;3.8027000427246094
2021-07-06;3.79325008392334
2021-07-07;3.817199945449829
2021-07-08;3.843600034713745
2021-07-09;3.8294999599456787
2021-07-12;3.8259999752044678
2021-07-13;3.835779905319214
2021-07-14;3.8856000900268555
2021-07-15;3.8571999073028564
2021-07-16;3.874840021133423
2021-07-19;3.878200054168701
2021-07-20;3.8945999145507812
2021-07-21;3.897160053253174
2021-07-22;3.8795900344848633
2021-07-23;3.8751299381256104
2021-07-26;3.8866000175476074
2021-07-27;3.8873000144958496
2021-07-28;3.888200044631958
2021-07-29;3.876300096511841
2021-07-30;3.8406100273132324
2021-08-02;3.8452999591827393
2021-08-03;3.837869882583618
2021-08-04;3.8338799476623535
2021-08-05;3.8359999656677246
2021-08-06;3.8409600257873535
2021-08-09;3.8907999992370605
2021-08-10;3.8876800537109375
2021-08-11;3.9019999504089355
2021-08-12;3.8984599113464355
2021-08-13;3.8954501152038574
2021-08-16;3.8699400424957275
2021-08-17;3.867799997329712
2021-08-18;3.8940999507904053
2021-08-19;3.8901000022888184
2021-08-20;3.921299934387207
2021-08-23;3.911099910736084
2021-08-24;3.901060104370117
2021-08-25;3.888700008392334
2021-08-26;3.8826000690460205
2021-08-27;3.8886001110076904
2021-08-30;3.874300003051758
2021-08-31;3.862600088119507
2021-09-01;3.8282999992370605
2021-09-02;3.8058900833129883
2021-09-03;3.79721999168396
2021-09-06;3.7920000553131104
2021-09-07;3.8080599308013916
2021-09-08;3.8090999126434326
2021-09-09;3.8189001083374023
2021-09-10;3.8408000469207764
2021-09-13;3.84525990486145
2021-09-14;3.848299980163574
2021-09-15;3.8538498878479004
2021-09-16;3.859100103378296
2021-09-17;3.8859400749206543
2021-09-20;3.9110000133514404
2021-09-21;3.926100015640259
2021-09-22;3.938800096511841
2021-09-23;3.951280117034912
2021-09-24;3.926100015640259
2021-09-27;3.927730083465576
2021-09-28;3.9286999702453613
2021-09-29;3.9657700061798096
2021-09-30;3.9910600185394287
2021-10-01;3.9779000282287598
2021-10-04;3.9423000812530518
2021-10-05;3.9507999420166016
2021-10-06;3.96914005279541
2021-10-07;3.933500051498413
2021-10-08;3.9663898944854736
2021-10-11;3.979099988937378
2021-10-12;3.966140031814575
2021-10-13;3.9730000495910645
2021-10-14;3.9428598880767822
2021-10-15;3.945240020751953
2021-10-18;3.933300018310547
2021-10-19;3.9470200538635254
2021-10-20;3.938770055770874
2021-10-21;3.93149995803833
2021-10-22;3.9612200260162354
2021-10-25;3.9477999210357666
2021-10-26;3.973639965057373
2021-10-27;3.972399950027466
2021-10-28;3.9804000854492188
2021-10-29;3.95403790473938
2021-11-01;3.986910104751587
2021-11-02;3.9784131050109863
2021-11-03;3.9746999740600586
2021-11-04;3.941725969314575
2021-11-05;3.9781510829925537
2021-11-08;3.974292039871216
2021-11-09;3.960599899291992
2021-11-10;3.956789970397949
2021-11-11;4.010469913482666
2021-11-12;4.046760082244873
2021-11-15;4.053874969482422
2021-11-16;4.088520050048828
2021-11-17;4.1092848777771
2021-11-18;4.116633892059326
2021-11-19;4.104927062988281
2021-11-22;4.153800010681152
2021-11-23;4.184500217437744
2021-11-24;4.181443214416504
2021-11-25;4.174630165100098
2021-11-26;4.172379970550537
2021-11-29;4.1645331382751465
2021-11-30;4.144899845123291
2021-12-01;4.106813907623291
2021-12-02;4.08459997177124
2021-12-03;4.065000057220459
2021-12-06;4.065797805786133
2021-12-07;4.067200183868408
2021-12-08;4.064199924468994
2021-12-09;4.0608601570129395
2021-12-10;4.07505989074707
2021-12-13;4.078804969787598
2021-12-14;4.1092000007629395
2021-12-15;4.110040187835693
2021-12-16;4.091475963592529
2021-12-17;4.0837578773498535
2021-12-20;4.116899013519287
2021-12-21;4.102059841156006
2021-12-22;4.092939853668213
2021-12-23;4.087299823760986
2021-12-24;4.085040092468262
2021-12-27;4.07938289642334
2021-12-28;4.059340000152588
2021-12-29;4.061343193054199
2021-12-30;4.044839859008789
2021-12-31;4.05443000793457
2022-01-03;4.034389019012451
2022-01-04;4.046319007873535
2022-01-05;4.043610095977783
2022-01-06;4.0398712158203125
2022-01-07;4.0305891036987305
2022-01-10;4.001242160797119
2022-01-11;4.0057902336120605
2022-01-12;3.990999937057495
2022-01-13;3.951678991317749
2022-01-14;3.9588000774383545
2022-01-17;3.9766430854797363
2022-01-18;3.9649999141693115
2022-01-19;3.999300003051758
2022-01-20;3.9848649501800537
2022-01-21;3.997889995574951
2022-01-24;3.9917728900909424
2022-01-25;4.0278000831604
2022-01-26;4.050099849700928
2022-01-27;4.074997901916504
2022-01-28;4.088399887084961
2022-01-31;4.107819080352783
2022-02-01;4.078499794006348
2022-02-02;4.051830768585205
2022-02-03;4.015575885772705
2022-02-04;3.968600034713745
2022-02-07;3.977109909057617
2022-02-08;3.9623301029205322
2022-02-09;3.9622960090637207
2022-02-10;3.9333269596099854
2022-02-11;3.9439010620117188
2022-02-14;4.017889022827148
2022-02-15;4.02524995803833
2022-02-16;3.956737995147705
2022-02-17;3.956037998199463
2022-02-18;3.9776079654693604
2022-02-21;3.998579978942871
2022-02-22;4.0177001953125
2022-02-23;4.012430191040039
2022-02-24;4.056009769439697
2022-02-25;4.13670015335083
2022-02-28;4.203519821166992
2022-03-01;4.183300018310547
2022-03-02;4.242589950561523
2022-03-03;4.261149883270264
2022-03-04;4.346839904785156
2022-03-07;4.533959865570068
2022-03-08;4.583199977874756
2022-03-09;4.460787773132324
2022-03-10;4.29915714263916
2022-03-11;4.333399772644043
2022-03-14;4.3639397621154785
2022-03-15;4.3157501220703125
2022-03-16;4.285152912139893
2022-03-17;4.2245001792907715
2022-03-18;4.210559844970703
2022-03-21;4.26484489440918
2022-03-22;4.2573699951171875
2022-03-23;4.237460136413574
2022-03-24;4.283203125
2022-03-25;4.3272199630737305
2022-03-28;4.267804145812988
2022-03-29;4.26709508895874
2022-03-30;4.190390110015869
2022-03-31;4.157017230987549
2022-04-01;4.187564849853516
2022-04-04;4.200200080871582
2022-04-05;4.205530166625977
2022-04-06;4.243900775909424
2022-04-07;4.264520168304443
2022-04-08;4.263887882232666
2022-04-11;4.258930206298828
2022-04-12;4.282576084136963
2022-04-13;4.279018878936768
2022-04-14;4.254000186920166
2022-04-15;4.285260200500488
2022-04-18;4.277719020843506
2022-04-19;4.284824848175049
2022-04-20;4.299596786499023
2022-04-21;4.273399829864502
2022-04-22;4.2784810066223145
2022-04-25;4.292764186859131
2022-04-26;4.3299360275268555
2022-04-27;4.431049823760986
2022-04-28;4.458144187927246
2022-04-29;4.462512016296387
2022-05-02;4.4375
2022-05-03;4.459529876708984
2022-05-04;4.454850196838379
2022-05-05;4.373149871826172
2022-05-06;4.448699951171875
2022-05-09;4.459000110626221
2022-05-10;4.439499855041504
2022-05-11;4.4404401779174805
2022-05-12;4.443999767303467
2022-05-13;4.493299961090088
2022-05-16;4.49675989151001
2022-05-17;4.459889888763428
2022-05-18;4.4067301750183105
2022-05-19;4.43120002746582
2022-05-20;4.389639854431152
2022-05-23;4.378530025482178
2022-05-24;4.315159797668457
2022-05-25;4.279970169067383
2022-05-26;4.301809787750244
2022-05-27;4.289889812469482
2022-05-30;4.2566399574279785
2022-05-31;4.254730224609375
2022-06-01;4.2644500732421875
2022-06-02;4.30502986907959
2022-06-03;4.2530999183654785
2022-06-06;4.275869846343994
2022-06-07;4.285069942474365
2022-06-08;4.273600101470947
2022-06-09;4.2794599533081055
2022-06-10;4.335299968719482
2022-06-13;4.394899845123291
2022-06-14;4.466000080108643
2022-06-15;4.460020065307617
2022-06-16;4.45989990234375
2022-06-17;4.4791998863220215
2022-06-20;4.459499835968018
2022-06-21;4.4156999588012695
2022-06-22;4.401509761810303
2022-06-23;4.444499969482422
2022-06-24;4.466300010681152
2022-06-27;4.43310022354126
2022-06-28;4.423699855804443
2022-06-29;4.45989990234375
2022-06-30;4.466989994049072
2022-07-01;4.483099937438965
2022-07-04;4.497200012207031
2022-07-05;4.516300201416016
2022-07-06;4.621650218963623
2022-07-07;4.68149995803833
2022-07-08;4.700200080871582
2022-07-11;4.689499855041504
2022-07-12;4.778600215911865
2022-07-13;4.798299789428711
2022-07-14;4.814300060272217
2022-07-15;4.805449962615967
2022-07-18;4.736199855804443
2022-07-19;4.693470001220703
2022-07-20;4.644199848175049
2022-07-21;4.684999942779541
2022-07-22;4.656799793243408
2022-07-25;4.6423211097717285
2022-07-26;4.618800163269043
2022-07-27;4.6931471824646
2022-07-28;4.685051918029785
2022-07-29;4.667036056518555
2022-08-01;4.6344451904296875
2022-08-02;4.59499979019165
2022-08-03;4.648799896240234
2022-08-04;4.620693206787109
2022-08-05;4.591558933258057
2022-08-08;4.628754138946533
2022-08-09;4.604053974151611
2022-08-10;4.602499961853027
2022-08-11;4.537300109863281
2022-08-12;4.5381598472595215
2022-08-15;4.539346218109131
2022-08-16;4.605800151824951
2022-08-17;4.575629234313965
2022-08-18;4.616200923919678
2022-08-19;4.685128211975098
2022-08-22;4.72941780090332
2022-08-23;4.786693096160889
2022-08-24;4.785639762878418
2022-08-25;4.780157089233398
2022-08-26;4.750360012054443
2022-08-29;4.768196105957031
2022-08-30;4.725154876708984
2022-08-31;4.70959997177124
2022-09-01;4.701691150665283
2022-09-02;4.7348952293396
2022-09-05;4.758430004119873
2022-09-06;4.749783039093018
2022-09-07;4.779234886169434
2022-09-08;4.712384223937988
2022-09-09;4.699794769287109
2022-09-12;4.656233787536621
2022-09-13;4.630499839782715
2022-09-14;4.725900173187256
2022-09-15;4.722915172576904
2022-09-16;4.730776786804199
2022-09-19;4.7058000564575195
2022-09-20;4.689899921417236
2022-09-21;4.738749980926514
2022-09-22;4.858516216278076
2022-09-23;4.826805114746094
2022-09-26;4.894327163696289
2022-09-27;4.941400051116943
2022-09-28;4.987045764923096
2022-09-29;4.95419979095459
2022-09-30;4.935809135437012
2022-10-03;4.943299770355225
2022-10-04;4.906400203704834
2022-10-05;4.817180156707764
2022-10-06;4.859000205993652
2022-10-07;4.989500045776367
2022-10-10;4.987100124359131
2022-10-11;5.001399993896484
2022-10-12;4.999899864196777
2022-10-13;4.988674163818359
2022-10-14;4.914599895477295
2022-10-17;4.945799827575684
2022-10-18;4.872320175170898
2022-10-19;4.85004997253418
2022-10-20;4.916600227355957
2022-10-21;4.880430221557617
2022-10-24;4.837299823760986
2022-10-25;4.839680194854736
2022-10-26;4.784200191497803
2022-10-27;4.696199893951416
2022-10-28;4.734799861907959
2022-10-31;4.738500118255615
2022-11-01;4.7670698165893555
2022-11-02;4.758200168609619
2022-11-03;4.789790153503418
2022-11-04;4.815199851989746
2022-11-07;4.72160005569458
2022-11-08;4.661099910736084
2022-11-09;4.654699802398682
2022-11-10;4.699900150299072
2022-11-11;4.5947699546813965
2022-11-14;4.524099826812744
2022-11-15;4.564199924468994
2022-11-16;4.574699878692627
2022-11-17;4.518599987030029
2022-11-18;4.540870189666748
2022-11-21;4.550300121307373
2022-11-22;4.584424018859863
2022-11-23;4.5634307861328125
2022-11-24;4.511899948120117
2022-11-25;4.512599945068359
2022-11-28;4.52235221862793
2022-11-29;4.526350021362305
2022-11-30;4.526183128356934
2022-12-01;4.476761817932129
2022-12-02;4.4511799812316895
2022-12-05;4.428414821624756
2022-12-06;4.485599994659424
2022-12-07;4.478761196136475
2022-12-08;4.461092948913574
2022-12-09;4.433899879455566
2022-12-12;4.455712795257568
2022-12-13;4.446425914764404
2022-12-14;4.412892818450928
2022-12-15;4.380910873413086
2022-12-16;4.40931510925293
2022-12-19;4.430290222167969
2022-12-20;4.413762092590332
2022-12-21;4.393599987030029
2022-12-22;4.390402793884277
2022-12-23;4.37375020980835
2022-12-26;4.362880229949951
2022-12-27;4.361908912658691
2022-12-28;4.396038055419922
2022-12-29;4.411478042602539
2022-12-30;4.384699821472168
2023-01-02;4.361466884613037
2023-01-03;4.370934963226318
2023-01-04;4.4285569190979
2023-01-05;4.398900032043457
2023-01-06;4.44673490524292
2023-01-09;4.402554035186768
2023-01-10;4.368765830993652
2023-01-11;4.362758159637451
2023-01-12;4.350160121917725
2023-01-13;4.322299957275391
2023-01-16;4.333363056182861
2023-01-17;4.32810115814209
2023-01-18;4.350863933563232
2023-01-19;4.373863220214844
2023-01-20;4.3541789054870605
2023-01-23;4.3302998542785645
2023-01-24;4.331520080566406
2023-01-25;4.32734489440918
2023-01-26;4.313600063323975
2023-01-27;4.324699878692627
2023-01-30;4.331363201141357
2023-01-31;4.3403000831604
2023-02-01;4.334403991699219
2023-02-02;4.266112804412842
2023-02-03;4.2914719581604
2023-02-06;4.36460018157959
2023-02-07;4.419400215148926
2023-02-08;4.424900054931641
2023-02-09;4.418799877166748
2023-02-10;4.424200057983398
2023-02-13;4.461231231689453
2023-02-14;4.459319114685059
2023-02-15;4.446300029754639
2023-02-16;4.455150127410889
2023-02-17;4.471089839935303
2023-02-20;4.454354763031006
2023-02-21;4.43653678894043
2023-02-22;4.454800128936768
2023-02-23;4.472449779510498
2023-02-24;4.455652236938477
2023-02-27;4.470351219177246
2023-02-28;4.4405999183654785
2023-03-01;4.4480390548706055
2023-03-02;4.374810218811035
2023-03-03;4.431293964385986
2023-03-06;4.4293317794799805
2023-03-07;4.388176918029785
2023-03-08;4.445240020751953
2023-03-09;4.4344000816345215
2023-03-10;4.42519998550415
2023-03-13;4.379499912261963
2023-03-14;4.363150119781494
2023-03-15;4.385252952575684
2023-03-16;4.442119121551514
2023-03-17;4.425000190734863
2023-03-20;4.403213977813721
2023-03-21;4.384562969207764
2023-03-22;4.347521781921387
2023-03-23;4.307888031005859
2023-03-24;4.320700168609619
2023-03-27;4.3466620445251465
2023-03-28;4.336100101470947
2023-03-29;4.313724994659424
2023-03-30;4.32004976272583
2023-03-31;4.285799980163574
2023-04-03;4.325500011444092
2023-04-04;4.282138824462891
2023-04-05;4.266483783721924
2023-04-06;4.295147895812988
2023-04-07;4.288400173187256
2023-04-10;4.287619113922119
2023-04-11;4.311699867248535
2023-04-12;4.275094032287598
2023-04-13;4.230030059814453
2023-04-14;4.191740036010742
2023-04-17;4.2225661277771
2023-04-18;4.237969875335693
2023-04-19;4.209001064300537
2023-04-20;4.217576026916504
2023-04-21;4.19035005569458
2023-04-24;4.195859909057617
2023-04-25;4.157100200653076
2023-04-26;4.182555198669434
2023-04-27;4.14769983291626
2023-04-28;4.146544933319092
2023-05-01;4.168059825897217
2023-05-02;4.196891784667969
2023-05-03;4.1566948890686035
2023-05-04;4.145050048828125
2023-05-05;4.160307884216309
2023-05-08;4.148079872131348
2023-05-09;4.147157192230225
2023-05-10;4.149600028991699
2023-05-11;4.112223148345947
2023-05-12;4.1588969230651855
2023-05-15;4.160029888153076
2023-05-16;4.140235900878906
2023-05-17;4.132516860961914
2023-05-18;4.170127868652344
2023-05-19;4.2164998054504395
2023-05-22;4.197939872741699
2023-05-23;4.162665843963623
2023-05-24;4.166525840759277
2023-05-25;4.190091133117676
2023-05-26;4.19718599319458
2023-05-29;4.2217020988464355
2023-05-30;4.216100215911865
2023-05-31;4.226147174835205
2023-06-01;4.232193946838379
2023-06-02;4.194699764251709
2023-06-05;4.19895601272583
2023-06-06;4.175600051879883
2023-06-07;4.179699897766113
2023-06-08;4.190310001373291
2023-06-09;4.144179821014404
2023-06-12;4.131740093231201
2023-06-13;4.131547927856445
2023-06-14;4.15694522857666
2023-06-15;4.103169918060303
2023-06-16;4.065771102905273
2023-06-19;4.072751045227051
2023-06-20;4.071814060211182
2023-06-21;4.068540096282959
2023-06-22;4.030399799346924
2023-06-23;4.03428316116333
2023-06-26;4.069069862365723
2023-06-27;4.068414211273193
2023-06-28;4.055635929107666
2023-06-29;4.097586154937744
2023-06-30;4.087601184844971
2023-07-03;4.062014102935791
2023-07-04;4.063045978546143
2023-07-05;4.072594165802002
2023-07-06;4.111842155456543
2023-07-07;4.116038799285889
2023-07-10;4.059557914733887
2023-07-11;4.036326885223389
2023-07-12;4.028519153594971
2023-07-13;3.9818999767303467
2023-07-14;3.9591739177703857
2023-07-17;3.9692440032958984
2023-07-18;3.9515180587768555
2023-07-19;3.9613749980926514
2023-07-20;3.9696390628814697
2023-07-21;3.9987881183624268
2023-07-24;4.0123419761657715
2023-07-25;4.021902084350586
2023-07-26;4.009475231170654
2023-07-27;3.991960048675537
2023-07-28;4.028192043304443
2023-07-31;4.002058982849121
2023-08-01;4.001346111297607
2023-08-02;4.037900924682617
2023-08-03;4.060279846191406
2023-08-04;4.069779872894287
2023-08-07;4.032299995422363
2023-08-08;4.02096700668335
2023-08-09;4.068600177764893
2023-08-10;4.06728982925415
2023-08-11;4.0441107749938965
2023-08-14;4.049744129180908
2023-08-15;4.077607154846191
2023-08-16;4.101908206939697
2023-08-17;4.109300136566162
2023-08-18;4.109025955200195
2023-08-21;4.099950790405273
2023-08-22;4.104825973510742
2023-08-23;4.117362022399902
2023-08-24;4.109899044036865
2023-08-25;4.1407999992370605
2023-08-28;4.136185169219971
2023-08-29;4.125613212585449
2023-08-30;4.106744766235352
2023-08-31;4.085599899291992
2023-09-01;4.12284517288208
2023-09-04;4.142199993133545
2023-09-05;4.14251184463501
2023-09-06;4.184977054595947
2023-09-07;4.257999897003174
2023-09-08;4.3203959465026855
2023-09-11;4.305099964141846
2023-09-12;4.316309928894043
2023-09-13;4.325399875640869
2023-09-14;4.306300163269043
2023-09-15;4.357560157775879
2023-09-18;4.350029945373535
2023-09-19;4.339049816131592
2023-09-20;4.359099864959717
2023-09-21;4.327300071716309
2023-09-22;4.32804012298584
2023-09-25;4.322837829589844
2023-09-26;4.349471092224121
2023-09-27;4.3588337898254395
2023-09-28;4.406225204467773
2023-09-29;4.390626907348633
2023-10-02;4.370299816131592
2023-10-03;4.404880046844482
2023-10-04;4.4206390380859375
2023-10-05;4.382400035858154
2023-10-06;4.362795829772949
2023-10-09;4.330385208129883
2023-10-10;4.3096442222595215
2023-10-11;4.277369976043701
2023-10-12;4.259582042694092
2023-10-13;4.307568073272705
2023-10-16;4.235128879547119
2023-10-17;4.215750217437744
2023-10-18;4.177347183227539
2023-10-19;4.221919059753418
2023-10-20;4.202099800109863
2023-10-23;4.207289218902588
2023-10-24;4.1757001876831055
2023-10-25;4.211781024932861
2023-10-26;4.23458194732666
2023-10-27;4.212151050567627
2023-10-30;4.22415018081665
2023-10-31;4.190199851989746
2023-11-01;4.2084221839904785
2023-11-02;4.220749855041504
2023-11-03;4.188469886779785
2023-11-06;4.147749900817871
2023-11-07;4.156888961791992
2023-11-08;4.163643836975098
2023-11-09;4.143599987030029
2023-11-10;4.1526198387146
2023-11-13;4.13520622253418
2023-11-14;4.133699893951416
2023-11-15;4.041901111602783
2023-11-16;4.041162967681885
2023-11-17;4.02705192565918
2023-11-20;4.017768859863281
2023-11-21;3.968899965286255
2023-11-22;4.003756046295166
2023-11-23;4.008170127868652
2023-11-24;4.002399921417236
2023-11-27;3.983099937438965
2023-11-28;3.964163064956665
2023-11-29;3.9237899780273438
2023-11-30;3.953200101852417
2023-12-01;3.9942069053649902
2023-12-04;3.9729878902435303
2023-12-05;3.99180006980896
2023-12-06;4.001992225646973
2023-12-07;4.019198894500732
2023-12-08;4.007800102233887
2023-12-11;4.018159866333008
2023-12-12;4.025599956512451
2023-12-13;4.004980087280273
2023-12-14;3.9475409984588623
2023-12-15;3.91587495803833
2023-12-18;3.9757320880889893
2023-12-19;3.954684019088745
2023-12-20;3.9370439052581787
2023-12-21;3.9678070545196533
2023-12-22;3.9279000759124756
2023-12-25;3.9316000938415527
2023-12-26;3.9323110580444336
2023-12-27;3.9164860248565674
2023-12-28;3.886605978012085
2023-12-29;3.9155280590057373
2024-01-01;3.9256389141082764
2024-01-02;3.9368999004364014
2024-01-03;3.9897561073303223
2024-01-04;3.9804000854492188
2024-01-05;3.9674839973449707
2024-01-08;3.9693920612335205
2024-01-09;3.9553799629211426
2024-01-10;3.9735500812530518
2024-01-11;3.947551965713501
2024-01-12;3.9616000652313232
2024-01-15;3.9766900539398193
2024-01-16;3.9921329021453857
2024-01-17;4.035556793212891
2024-01-18;4.036470890045166
2024-01-19;4.028688907623291
2024-01-22;3.9946019649505615
2024-01-23;4.008474826812744
2024-01-24;4.0402398109436035
2024-01-25;4.023829936981201
2024-01-26;4.029300212860107
2024-01-29;4.020100116729736
2024-01-30;4.029359817504883
2024-01-31;4.009779930114746
2024-02-01;4.004332065582275
2024-02-02;3.96749210357666
2024-02-05;3.994999885559082
2024-02-06;4.039244174957275
2024-02-07;4.039230823516846
2024-02-08;4.028842926025391
2024-02-09;4.010900020599365
2024-02-12;4.002788066864014
2024-02-13;3.99912691116333
2024-02-14;4.049604892730713
2024-02-15;4.042724132537842
2024-02-16;4.028663158416748
2024-02-19;4.021039009094238
2024-02-20;4.01364278793335
2024-02-21;3.9898500442504883
2024-02-22;3.9882619380950928
2024-02-23;3.9941999912261963
2024-02-26;3.9814999103546143
2024-02-27;3.970766067504883
2024-02-28;3.970115900039673
2024-02-29;3.9819068908691406
2024-03-01;3.9904000759124756
2024-03-04;3.9802069664001465
2024-03-05;3.979099988937378
2024-03-06;3.9703099727630615
2024-03-07;3.9416539669036865
2024-03-08;3.9251999855041504
2024-03-11;3.931178092956543
2024-03-12;3.914947986602783
2024-03-13;3.923180103302002
2024-03-14;3.906179904937744
2024-03-15;3.9426910877227783
2024-03-18;3.948199987411499
2024-03-19;3.9731359481811523
2024-03-20;3.9690001010894775
2024-03-21;3.940138101577759
2024-03-22;3.960599899291992
2024-03-25;3.9964840412139893
2024-03-26;3.9698829650878906
2024-03-27;3.9759790897369385
2024-03-28;3.986799955368042
2024-03-29;3.9874000549316406
2024-04-01;3.9826269149780273
2024-04-02;3.9961259365081787
2024-04-03;3.984221935272217
2024-04-04;3.9603068828582764
2024-04-05;3.9580769538879395
2024-04-08;3.952929973602295
2024-04-09;3.920814037322998
2024-04-10;3.9284300804138184
2024-04-11;3.9679720401763916
2024-04-12;3.9728519916534424
2024-04-15;4.019890785217285
2024-04-16;4.047603130340576
2024-04-17;4.110723972320557
2024-04-18;4.0650482177734375
2024-04-19;4.074551105499268
2024-04-22;4.038844108581543
2024-04-23;4.048099994659424
2024-04-24;4.022799968719482
2024-04-25;4.047872066497803
2024-04-26;4.019400119781494
2024-04-29;4.033904075622559
2024-04-30;4.025187969207764
2024-05-01;4.059589862823486
2024-05-02;4.033400058746338
2024-05-03;4.033458232879639
2024-05-06;4.013181209564209
2024-05-07;3.9979898929595947
2024-05-08;4.010129928588867
2024-05-09;4.00056791305542
2024-05-10;3.971451997756958
2024-05-13;3.9922940731048584
2024-05-14;3.9686319828033447
2024-05-15;3.9450271129608154
2024-05-16;3.913029909133911
2024-05-17;3.9182889461517334
2024-05-20;3.914900064468384
2024-05-21;3.912580966949463
2024-05-22;3.915853977203369
2024-05-23;3.93782901763916
2024-05-24;3.940700054168701
2024-05-27;3.9211299419403076
2024-05-28;3.9214088916778564
2024-05-29;3.9175000190734863
2024-05-30;3.961289882659912
2024-05-31;3.9500250816345215
2024-06-03;3.9353339672088623
2024-06-04;3.9138998985290527
2024-06-05;3.9571011066436768
2024-06-06;3.942193031311035
2024-06-07;3.9315099716186523
2024-06-10;3.9943408966064453
2024-06-11;4.015500068664551
2024-06-12;4.039553165435791
2024-06-13;4.005733966827393
2024-06-14;4.045400142669678
2024-06-17;4.090557098388672
2024-06-18;4.043239116668701
2024-06-19;4.037690162658691
2024-06-20;4.021100044250488
2024-06-21;4.037300109863281
2024-06-24;4.04738187789917
2024-06-25;3.9965200424194336
2024-06-26;4.011300086975098
2024-06-27;4.037700176239014
2024-06-28;4.022898197174072
2024-07-01;4.016674041748047
2024-07-02;4.019308090209961
2024-07-03;4.008866786956787
2024-07-04;3.984117031097412
2024-07-05;3.957900047302246
2024-07-08;3.9565110206604004
2024-07-09;3.940239906311035
2024-07-10;3.9347898960113525
2024-07-11;3.9327399730682373
2024-07-12;3.91764497756958
2024-07-15;3.9071309566497803
2024-07-16;3.9045300483703613
2024-07-17;3.926367998123169
2024-07-18;3.9192121028900146
2024-07-19;3.935072898864746
2024-07-22;3.9335598945617676
2024-07-23;3.925708055496216
2024-07-24;3.9414329528808594
2024-07-25;3.9627180099487305
2024-07-26;3.9463000297546387
2024-07-29;3.934103012084961
2024-07-30;3.968010902404785
2024-07-31;3.9625608921051025
2024-08-01;3.9616329669952393
2024-08-02;3.9865949153900146
2024-08-05;3.9317400455474854
2024-08-06;3.925183057785034
2024-08-07;3.9423201084136963
2024-08-08;3.9554901123046875
2024-08-09;3.957240104675293
2024-08-12;3.9546799659729004
2024-08-13;3.9342339038848877
2024-08-14;3.896256923675537
2024-08-15;3.8953609466552734
2024-08-16;3.904599905014038
2024-08-19;3.8674259185791016
2024-08-20;3.844399929046631
2024-08-21;3.840320110321045
2024-08-22;3.8343989849090576
2024-08-23;3.849989891052246
2024-08-26;3.812619924545288
2024-08-27;3.8338940143585205
2024-08-28;3.8300399780273438
2024-08-29;3.859800100326538
2024-08-30;3.86539888381958
2024-09-02;3.8814799785614014
2024-09-03;3.856839895248413
2024-09-04;3.872390031814575
2024-09-05;3.8563199043273926
2024-09-06;3.8530499935150146
2024-09-09;3.859302043914795
2024-09-10;3.8705060482025146
2024-09-11;3.8817460536956787
2024-09-12;3.891700029373169
2024-09-13;3.8664469718933105
2024-09-16;3.859060049057007
2024-09-17;3.8404500484466553
2024-09-18;3.8385000228881836
2024-09-19;3.840480089187622
2024-09-20;3.8266000747680664
2024-09-23;3.8242709636688232
2024-09-24;3.839900016784668
2024-09-25;3.7980690002441406
2024-09-26;3.8341801166534424
2024-09-27;3.822098970413208
2024-09-30;3.8237318992614746
2024-10-01;3.8427000045776367
2024-10-02;3.874540090560913
2024-10-03;3.883186101913452
2024-10-04;3.9033119678497314
2024-10-07;3.9332199096679688
2024-10-08;3.9377729892730713
2024-10-09;3.9161999225616455
2024-10-10;3.925868034362793
2024-10-11;3.9333529472351074
2024-10-14;3.9272549152374268
2024-10-15;3.933440923690796
2024-10-16;3.9430630207061768
2024-10-17;3.9549479484558105
2024-10-18;3.9768218994140625
2024-10-21;3.959773063659668
2024-10-22;3.9926860332489014
2024-10-23;4.0029730796813965
2024-10-24;4.029655933380127
2024-10-25;4.013193130493164
2024-10-28;4.02249002456665
2024-10-29;4.01977014541626
2024-10-30;4.009109973907471
2024-10-31;4.007625102996826
2024-11-01;3.997921943664551
2024-11-04;4.003219127655029
2024-11-05;4.0044331550598145
2024-11-06;3.9794859886169434
2024-11-07;4.050858974456787
2024-11-08;3.993273973464966
2024-11-11;4.032581806182861
2024-11-12;4.087399959564209
2024-11-13;4.097169876098633
2024-11-14;4.107123851776123
2024-11-15;4.102910041809082
2024-11-18;4.102700233459473
2024-11-19;4.071169853210449
2024-11-20;4.081850051879883
2024-11-21;4.10830020904541
2024-11-22;4.147564888000488
2024-11-25;4.137335777282715
2024-11-26;4.124800205230713
2024-11-27;4.10306978225708
2024-11-28;4.070437908172607
2024-11-29;4.073911190032959
2024-12-02;4.070977210998535
2024-12-03;4.077099800109863
2024-12-04;4.083395004272461
2024-12-05;4.070280075073242
2024-12-06;4.026400089263916
2024-12-09;4.036724090576172
2024-12-10;4.029219150543213
2024-12-11;4.038893222808838
2024-12-12;4.063248157501221
2024-12-13;4.077610015869141
2024-12-16;4.0545878410339355
2024-12-17;4.045478820800781
2024-12-18;4.063354015350342
2024-12-19;4.119699954986572
2024-12-20;4.103179931640625
2024-12-23;4.082021236419678
2024-12-24;4.09743595123291
2024-12-25;4.0873799324035645
2024-12-26;4.0884199142456055
2024-12-27;4.088500022888184
2024-12-30;4.092367172241211
2024-12-31;4.107069969177246
2025-01-02;4.128580093383789
2025-01-03;4.15939998626709
2025-01-06;4.141059875488281
2025-01-07;4.091800212860107
2025-01-08;4.1168599128723145
2025-01-09;4.141499996185303
2025-01-10;4.135700225830078
2025-01-13;4.161334991455078
2025-01-14;4.158430099487305
2025-01-15;4.13543176651001
2025-01-16;4.134697914123535
2025-01-17;4.137969017028809
2025-01-20;4.143688201904297
2025-01-21;4.078780174255371
2025-01-22;4.0829548835754395
2025-01-23;4.056253910064697
2025-01-24;4.044548988342285
2025-01-27;4.022136211395264
2025-01-28;4.034074783325195
2025-01-29;4.02726411819458
2025-01-30;4.02891206741333
2025-01-31;4.037899971008301
2025-02-03;4.117186069488525
2025-02-04;4.093400001525879
2025-02-05;4.056399822235107
2025-02-06;4.037430763244629
2025-02-07;4.03400993347168
2025-02-10;4.061240196228027
2025-02-11;4.057159900665283
2025-02-12;4.024208068847656
2025-02-13;4.002597808837891
2025-02-14;3.982764959335327
2025-02-17;3.9734859466552734
2025-02-18;3.963399887084961
2025-02-19;3.96732497215271
2025-02-20;4.006460189819336
2025-02-21;3.9605910778045654
2025-02-24;3.9704699516296387
2025-02-25;3.959897994995117
2025-02-26;3.933199882507324
2025-02-27;3.942233085632324
2025-02-28;4.003454208374023
2025-03-03;4.004839897155762
2025-03-04;3.9663500785827637
2025-03-05;3.9165260791778564
2025-03-06;3.8459599018096924
2025-03-07;3.8671278953552246
2025-03-10;3.829745054244995
2025-03-11;3.8702619075775146
2025-03-12;3.840749979019165
2025-03-13;3.8452000617980957
2025-03-14;3.850188970565796
2025-03-17;3.839782953262329
2025-03-18;3.829538106918335
2025-03-19;3.8192129135131836
2025-03-20;3.83274507522583
2025-03-21;3.8599629402160645
2025-03-24;3.8702950477600098
2025-03-25;3.863856077194214
2025-03-26;3.8575000762939453
2025-03-27;3.8939900398254395
2025-03-28;3.8731749057769775
2025-03-31;3.857496976852417
2025-04-01;3.8646368980407715
2025-04-02;3.8736488819122314
2025-04-03;3.8294999599456787
2025-04-04;3.8242099285125732
2025-04-07;3.8837199211120605
2025-04-08;3.9346940517425537
2025-04-09;3.8891348838806152
2025-04-10;3.863455057144165
2025-04-11;3.7815310955047607
2025-04-14;3.773958921432495
2025-04-15;3.7645490169525146
2025-04-16;3.801831007003784
2025-04-17;3.7523701190948486
2025-04-22;3.70729398727417
2025-04-23;3.771859884262085
2025-04-24;3.7825000286102295
2025-04-25;3.7536709308624268
2025-04-28;3.7612740993499756
2025-04-29;3.7399230003356934
2025-04-30;3.745800018310547
2025-05-01;3.7709410190582275
2025-05-02;3.7849879264831543
2025-05-05;3.7739028930664062
2025-05-06;3.7678160667419434
2025-05-07;3.7642929553985596
2025-05-08;3.76705002784729
2025-05-09;3.7858059406280518
2025-05-12;3.7671430110931396
2025-05-13;3.819812059402466
2025-05-14;3.7857260704040527
2025-05-15;3.7817859649658203
2025-05-16;3.7908170223236084
2025-05-19;3.8161959648132324
2025-05-20;3.7778260707855225
2025-05-21;3.7542879581451416
2025-05-22;3.740523099899292
2025-05-23;3.7655069828033447
2025-05-26;3.7347700595855713
2025-05-27;3.721843957901001
2025-05-28;3.743690013885498
2025-05-29;3.770970106124878
2025-05-30;3.72503399848938
2025-06-02;3.756753921508789
2025-06-03;3.7125000953674316
2025-06-04;3.7502079010009766
2025-06-05;3.7439000606536865
2025-06-06;3.734605073928833
2025-06-09;3.75314998626709
2025-06-10;3.7354230880737305
2025-06-11;3.7174079418182373
2025-06-12;3.6919329166412354
2025-06-13;3.674799919128418
2025-06-16;3.6942389011383057
2025-06-17;3.6951498985290527
2025-06-18;3.7193000316619873
2025-06-19;3.720400094985962
2025-06-20;3.7095699310302734
2025-06-23;3.712399959564209
2025-06-24;3.6839840412139893
2025-06-25;3.660900115966797
2025-06-26;3.6354739665985107
2025-06-27;3.6264901161193848
2025-06-30;3.6127350330352783
2025-07-01;3.598546028137207
2025-07-02;3.5969600677490234
2025-07-03;3.6100308895111084
2025-07-04;3.6014339923858643
2025-07-07;3.5987000465393066
2025-07-08;3.6179089546203613
2025-07-09;3.6185879707336426
2025-07-10;3.614959955215454
2025-07-11;3.630772113800049
2025-07-14;3.6442079544067383
2025-07-15;3.644810914993286
2025-07-16;3.6705260276794434
2025-07-17;3.6547861099243164
2025-07-18;3.6624488830566406
2025-07-21;3.649096965789795
2025-07-22;3.6275761127471924
2025-07-23;3.620903968811035
2025-07-24;3.606782913208008
2025-07-25;3.6164000034332275
2025-07-28;3.6085898876190186
2025-07-29;3.673060894012451
2025-07-30;3.7031679153442383
2025-07-31;3.7374138832092285
2025-08-01;3.7417171001434326
2025-08-04;3.6782801151275635
2025-08-05;3.688498020172119
2025-08-06;3.6930999755859375
2025-08-07;3.6621809005737305
2025-08-08;3.6416990756988525
2025-08-11;3.642364025115967
2025-08-12;3.663317918777466
2025-08-13;3.641510009765625
2025-08-14;3.6295669078826904
2025-08-15;3.654599905014038
2025-08-18;3.634399890899658
2025-08-19;3.6384780406951904
2025-08-20;3.641305923461914
2025-08-21;3.644129991531372
2025-08-22;3.660799980163574
2025-08-25;3.6315579414367676
2025-08-26;3.6645820140838623
2025-08-27;3.6567399501800537
2025-08-28;3.661449909210205
2025-08-29;3.6470260620117188
2025-09-01;3.6444859504699707
2025-09-02;3.6366589069366455
2025-09-03;3.664047956466675
2025-09-04;3.6457319259643555
2025-09-05;3.6451900005340576
2025-09-08;3.6297199726104736
2025-09-09;3.607800006866455
2025-09-10;3.6315200328826904
2025-09-11;3.637855052947998
