Date;close_wig
2018-01-03;63896.32
2018-01-04;65297.96
2018-01-05;65314.32
2018-01-08;65805.97
2018-01-09;65404.37
2018-01-10;64884.73
2018-01-11;65379.88
2018-01-12;65465.65
2018-01-15;65503.35
2018-01-16;66437.64
2018-01-17;66685.33
2018-01-18;66709.12
2018-01-19;66897.08
2018-01-22;67308.69
2018-01-23;67529.39
2018-01-24;67339.21
2018-01-25;66561.79
2018-01-26;66861.37
2018-01-29;66769.38
2018-01-30;66153.16
2018-01-31;66048.17
2018-02-01;65585.79
2018-02-02;65021.36
2018-02-05;64685.64
2018-02-06;62527.37
2018-02-07;63262.13
2018-02-08;62604.89
2018-02-09;61952.62
2018-02-12;62602.34
2018-02-13;63008.51
2018-02-14;63500.92
2018-02-15;63078.16
2018-02-16;62818.71
2018-02-19;62803.65
2018-02-20;62858.56
2018-02-21;62603.25
2018-02-22;62717.27
2018-02-23;62665.06
2018-02-26;62659.44
2018-02-27;62928.22
2018-02-28;61703.18
2018-03-01;61116.96
2018-03-02;60580.36
2018-03-05;60854.63
2018-03-06;61118.06
2018-03-07;61635.69
2018-03-08;61036.99
2018-03-09;61688.08
2018-03-12;62241.93
2018-03-13;61740.09
2018-03-14;61399.9
2018-03-15;61156.91
2018-03-16;60391.42
2018-03-19;59596.35
2018-03-20;59959.9
2018-03-21;60932.26
2018-03-22;59862.55
2018-03-23;59436.36
2018-03-26;58965.53
2018-03-27;59077.72
2018-03-28;58176.39
2018-03-29;58377.42
2018-04-03;58902.2
2018-04-04;58354.95
2018-04-05;59244.04
2018-04-06;59553.13
2018-04-09;59699.72
2018-04-10;59860.3
2018-04-11;59740.56
2018-04-12;60393.23
2018-04-13;60477.53
2018-04-16;60264.16
2018-04-17;60294.06
2018-04-18;60517.08
2018-04-19;60629.81
2018-04-20;60144.37
2018-04-23;59952.53
2018-04-24;59485.35
2018-04-25;59243.55
2018-04-26;59628.04
2018-04-27;59567.47
2018-04-30;59932.46
2018-05-02;60066.46
2018-05-04;58883.65
2018-05-07;58596.43
2018-05-08;58869
2018-05-09;59691.85
2018-05-10;60091.26
2018-05-11;60784.11
2018-05-14;60738.69
2018-05-15;59723.95
2018-05-16;59791.27
2018-05-17;59337.27
2018-05-18;58740.33
2018-05-21;59335.68
2018-05-22;59015.14
2018-05-23;58033.72
2018-05-24;58189.49
2018-05-25;58233.23
2018-05-28;58330.15
2018-05-29;57871.23
2018-05-30;57282.73
2018-06-01;57890.11
2018-06-04;58206.49
2018-06-05;59089.6
2018-06-06;59080.88
2018-06-07;59412.76
2018-06-08;59015.21
2018-06-11;58680.16
2018-06-12;58975.59
2018-06-13;58686.19
2018-06-14;58603.93
2018-06-15;57693.09
2018-06-18;56474
2018-06-19;55911.98
2018-06-20;56638.39
2018-06-21;56425.25
2018-06-22;56610.74
2018-06-25;56416.37
2018-06-26;56264.51
2018-06-27;56101.8
2018-06-28;55169.77
2018-06-29;55954.44
2018-07-02;55627.24
2018-07-03;56393.58
2018-07-04;56939.41
2018-07-05;56719.88
2018-07-06;56497.02
2018-07-09;56413.96
2018-07-10;57041.58
2018-07-11;56544.08
2018-07-12;56671.44
2018-07-13;56594.71
2018-07-16;56205.55
2018-07-17;56483.22
2018-07-18;56440.97
2018-07-19;56585.5
2018-07-20;57303.81
2018-07-23;57787.35
2018-07-24;58629.5
2018-07-25;58978.27
2018-07-26;59871.2
2018-07-27;59650.51
2018-07-30;60334.84
2018-07-31;59964.47
2018-08-01;60226.42
2018-08-02;59484.35
2018-08-03;59605.67
2018-08-06;59707.8
2018-08-07;59950.14
2018-08-08;60097.89
2018-08-09;60455.75
2018-08-10;58783.91
2018-08-13;58882.57
2018-08-14;59114.08
2018-08-16;58921.44
2018-08-17;58130.92
2018-08-20;58371.01
2018-08-21;59283.11
2018-08-22;59546.09
2018-08-23;60044.45
2018-08-24;59900.47
2018-08-27;61083.54
2018-08-28;61426.67
2018-08-29;61225.82
2018-08-30;60690.32
2018-08-31;60201.08
2018-09-03;60312.92
2018-09-04;59418.32
2018-09-05;58735
2018-09-06;58469.6
2018-09-07;57580.05
2018-09-10;57843.93
2018-09-11;57575.14
2018-09-12;56858.6
2018-09-13;57493.38
2018-09-14;57632.29
2018-09-17;57048.33
2018-09-18;57527.82
2018-09-19;58117.99
2018-09-20;58231.57
2018-09-21;58237.83
2018-09-24;58887.53
2018-09-25;59106.29
2018-09-26;59450.56
2018-09-27;59616.27
2018-09-28;58974.76
2018-10-01;58957.02
2018-10-02;58824.14
2018-10-03;59192.45
2018-10-04;58736.08
2018-10-05;58415.84
2018-10-08;57515.36
2018-10-09;57899.81
2018-10-10;56830.18
2018-10-11;55941.06
2018-10-12;56516.02
2018-10-15;56227.33
2018-10-16;57156.19
2018-10-17;56879.27
2018-10-18;56560.93
2018-10-19;56642.84
2018-10-22;56516.23
2018-10-23;55490.46
2018-10-24;55379.91
2018-10-25;55271.63
2018-10-26;54027.32
2018-10-29;54286.29
2018-10-30;54608.78
2018-10-31;55312.71
2018-11-02;56321.58
2018-11-05;57000.37
2018-11-06;56926.12
2018-11-07;57818.43
2018-11-08;57655.73
2018-11-09;56924.39
2018-11-13;56652.31
2018-11-14;56865.17
2018-11-15;56329.01
2018-11-16;55442.1
2018-11-19;55911.21
2018-11-20;55205.54
2018-11-21;56451.9
2018-11-22;56932.62
2018-11-23;56788.04
2018-11-26;56472.16
2018-11-27;56763.67
2018-11-28;57633.26
2018-11-29;58412.94
2018-11-30;58203.39
2018-12-03;59176.6
2018-12-04;59558.44
2018-12-05;59707.73
2018-12-06;58409.09
2018-12-07;58180.45
2018-12-10;57385.01
2018-12-11;56961.82
2018-12-12;58036.04
2018-12-13;58952.55
2018-12-14;58780.55
2018-12-17;58186.34
2018-12-18;58719.27
2018-12-19;59223.65
2018-12-20;58349.03
2018-12-21;57331.35
2018-12-27;57183.28
2018-12-28;57690.5
2019-01-02;58290.21
2019-01-03;57192.42
2019-01-04;57947.51
2019-01-07;58971.42
2019-01-08;58906.77
2019-01-09;59336.58
2019-01-10;59219.23
2019-01-11;59322.53
2019-01-14;59112.53
2019-01-15;59439.56
2019-01-16;59983.42
2019-01-17;59894.9
2019-01-18;60289.51
2019-01-21;59865.51
2019-01-22;59734.92
2019-01-23;60788.89
2019-01-24;60791.02
2019-01-25;60661.36
2019-01-28;60165.13
2019-01-29;60228.41
2019-01-30;59849.24
2019-01-31;60367.42
2019-02-01;60660.31
2019-02-04;60658.28
2019-02-05;61147.18
2019-02-06;61319.01
2019-02-07;60422.38
2019-02-08;60280.51
2019-02-11;60221.65
2019-02-12;60534.92
2019-02-13;59957.09
2019-02-14;59348.4
2019-02-15;59814.26
2019-02-18;59589.02
2019-02-19;59477.32
2019-02-20;60409.3
2019-02-21;59938.07
2019-02-22;60274.56
2019-02-25;60721.87
2019-02-26;60564.73
2019-02-27;59969.56
2019-02-28;59903.7
2019-03-01;60076.61
2019-03-04;59888.03
2019-03-05;59743.42
2019-03-06;59978.8
2019-03-07;59638.3
2019-03-08;59436.39
2019-03-11;59469.72
2019-03-12;59669.47
2019-03-13;59895.92
2019-03-14;60002.72
2019-03-15;60706.57
2019-03-18;60683.38
2019-03-19;60788.46
2019-03-20;60788.38
2019-03-21;60976.51
2019-03-22;60097.1
2019-03-25;59759.16
2019-03-26;60026.06
2019-03-27;59848.76
2019-03-28;59752.66
2019-03-29;59668.03
2019-04-01;60342.05
2019-04-02;61071.19
2019-04-03;61924.86
2019-04-04;61533.27
2019-04-05;60755.88
2019-04-08;60922.1
2019-04-09;61097.07
2019-04-10;61556.46
2019-04-11;61168.92
2019-04-12;60969.26
2019-04-15;60812.06
2019-04-16;61067.07
2019-04-17;61166
2019-04-18;60910.11
2019-04-23;60938.98
2019-04-24;60959.72
2019-04-25;60680.62
2019-04-26;60990.17
2019-04-29;60865.49
2019-04-30;60145.5
2019-05-02;59744.3
2019-05-06;59087.98
2019-05-07;57845.47
2019-05-08;57522.36
2019-05-09;56637.25
2019-05-10;56913.26
2019-05-13;56389.14
2019-05-14;56209.08
2019-05-15;56373.36
2019-05-16;56664.5
2019-05-17;56561.79
2019-05-20;56317.39
2019-05-21;56772.23
2019-05-22;57264.89
2019-05-23;56351.13
2019-05-24;56753.79
2019-05-27;56781.5
2019-05-28;56920.14
2019-05-29;56870.63
2019-05-30;57566.83
2019-05-31;57909.95
2019-06-03;57857.73
2019-06-04;57781.8
2019-06-05;57601.52
2019-06-06;58360.5
2019-06-07;58852.53
2019-06-10;58895.99
2019-06-11;59200.36
2019-06-12;58917.55
2019-06-13;59374.38
2019-06-14;59092.01
2019-06-17;58857.01
2019-06-18;59936.46
2019-06-19;59738.56
2019-06-21;59433.13
2019-06-24;60003.9
2019-06-25;59480.64
2019-06-26;59852.7
2019-06-27;60293.37
2019-06-28;60187.43
2019-07-01;60323.79
2019-07-02;60538.16
2019-07-03;60671.76
2019-07-04;60888.98
2019-07-05;60628.11
2019-07-08;60582.98
2019-07-09;60199.83
2019-07-10;60242.61
2019-07-11;60362.11
2019-07-12;60378
2019-07-15;60527.98
2019-07-16;60372.23
2019-07-17;59975.08
2019-07-18;60192.6
2019-07-19;60902.04
2019-07-22;60929.94
2019-07-23;60750.64
2019-07-24;60776.71
2019-07-25;60249.72
2019-07-26;60146.67
2019-07-29;59678.7
2019-07-30;59430.05
2019-07-31;59670.6
2019-08-01;58863.73
2019-08-02;58360.55
2019-08-05;57157.8
2019-08-06;57082.76
2019-08-07;56625.18
2019-08-08;57102.69
2019-08-09;56316.19
2019-08-12;55915.51
2019-08-13;57024.9
2019-08-14;55634.7
2019-08-16;55227.6
2019-08-19;56035.15
2019-08-20;56204.55
2019-08-21;56121.78
2019-08-22;56118.92
2019-08-23;56047.39
2019-08-26;55909.06
2019-08-27;55881.98
2019-08-28;54846.48
2019-08-29;55273.05
2019-08-30;56739.53
2019-09-02;56965.68
2019-09-03;56237.4
2019-09-04;56176.46
2019-09-05;56358.3
2019-09-06;56593.23
2019-09-09;57682.47
2019-09-10;57893.23
2019-09-11;57949.46
2019-09-12;57886.6
2019-09-13;58144.64
2019-09-16;58525.39
2019-09-17;57980.44
2019-09-18;58297.28
2019-09-19;58053.03
2019-09-20;57485.19
2019-09-23;56874.12
2019-09-24;57462.78
2019-09-25;57085.05
2019-09-26;57377.87
2019-09-27;57666.04
2019-09-30;57320.3
2019-10-01;56847.98
2019-10-02;55598.64
2019-10-03;55523.06
2019-10-04;55980.47
2019-10-07;55987.34
2019-10-08;56247.95
2019-10-09;56260.83
2019-10-10;56034.97
2019-10-11;56895.37
2019-10-14;56647.08
2019-10-15;56781.82
2019-10-16;56898.36
2019-10-17;57297.12
2019-10-18;57024.61
2019-10-21;57418.58
2019-10-22;57986.45
2019-10-23;57950.18
2019-10-24;58012.97
2019-10-25;57329.09
2019-10-28;58101.72
2019-10-29;58392.58
2019-10-30;58430.48
2019-10-31;57783.02
2019-11-04;59326.13
2019-11-05;59517.7
2019-11-06;59174.29
2019-11-07;59492.22
2019-11-08;59191.71
2019-11-12;59141.35
2019-11-13;58816.98
2019-11-14;58622.1
2019-11-15;58751.67
2019-11-18;58851.05
2019-11-19;58447.3
2019-11-20;58026.68
2019-11-21;57618.54
2019-11-22;57863.03
2019-11-25;58151.15
2019-11-26;58051.64
2019-11-27;57867.89
2019-11-28;57669.94
2019-11-29;57502.14
2019-12-02;56868.74
2019-12-03;56191.17
2019-12-04;56123.68
2019-12-05;56338.75
2019-12-06;55994.68
2019-12-09;55867.95
2019-12-10;55609.32
2019-12-11;55531.27
2019-12-12;56621.06
2019-12-13;56729.11
2019-12-16;56832.07
2019-12-17;57225.67
2019-12-18;57169.88
2019-12-19;57346.95
2019-12-20;57202.89
2019-12-23;57569.71
2019-12-27;57877.81
2019-12-30;57832.88
2020-01-02;59048.28
2020-01-03;58603.27
2020-01-07;58283.26
2020-01-08;57596.09
2020-01-09;58397.17
2020-01-10;58732.09
2020-01-13;59275.02
2020-01-14;59118.97
2020-01-15;58671.25
2020-01-16;58962.37
2020-01-17;59039.84
2020-01-20;59110.06
2020-01-21;58616.01
2020-01-22;58401.69
2020-01-23;58401.85
2020-01-24;58607.31
2020-01-27;57063.12
2020-01-28;57336.45
2020-01-29;57351.22
2020-01-30;56923.36
2020-01-31;56681.27
2020-02-03;56795.27
2020-02-04;57607.63
2020-02-05;58121.81
2020-02-06;57900.04
2020-02-07;57816.25
2020-02-10;57474.88
2020-02-11;57816.86
2020-02-12;58156.08
2020-02-13;57960.23
2020-02-14;57895.19
2020-02-17;58080.88
2020-02-18;57894.45
2020-02-19;57957.76
2020-02-20;57693.12
2020-02-21;57424.47
2020-02-24;55088.26
2020-02-25;53781.02
2020-02-26;53451.01
2020-02-27;51318.69
2020-02-28;49276.54
2020-03-02;50150.48
2020-03-03;52231.14
2020-03-04;51585.66
2020-03-05;50753.91
2020-03-06;49326.23
2020-03-09;45625.56
2020-03-10;45043.23
2020-03-11;42546.88
2020-03-12;37164.02
2020-03-13;38629.63
2020-03-16;37738.36
2020-03-17;39925.44
2020-03-18;39313.78
2020-03-19;41041.92
2020-03-20;41153.2
2020-03-23;39207.33
2020-03-24;40275.9
2020-03-25;40144.28
2020-03-26;41202.98
2020-03-27;40886.9
2020-03-30;40827.13
2020-03-31;41624.62
2020-04-01;41028.82
2020-04-02;41219.51
2020-04-03;41532.37
2020-04-06;43514.41
2020-04-07;44110.86
2020-04-08;43573.02
2020-04-09;44499.23
2020-04-14;46092.44
2020-04-15;44666.91
2020-04-16;44645.12
2020-04-17;45353.23
2020-04-20;45617.35
2020-04-21;43959.51
2020-04-22;44777.61
2020-04-23;45450.43
2020-04-24;44884.25
2020-04-27;44704.71
2020-04-28;44754.03
2020-04-29;46114.95
2020-04-30;46117
2020-05-04;45023.6
2020-05-05;45018.81
2020-05-06;44312.99
2020-05-07;44769.05
2020-05-08;45228.14
2020-05-11;44840.24
2020-05-12;45687.43
2020-05-13;45431.66
2020-05-14;44450.71
2020-05-15;44348.22
2020-05-18;45873.81
2020-05-19;45949.97
2020-05-20;46295.02
2020-05-21;46073.39
2020-05-22;45915.72
2020-05-25;46412.32
2020-05-26;47897.84
2020-05-27;47889.07
2020-05-28;48144.34
2020-05-29;48127.64
2020-06-01;48647.15
2020-06-02;48879.21
2020-06-03;49728.3
2020-06-04;50202.54
2020-06-05;51494.63
2020-06-08;51451.61
2020-06-09;51289.49
2020-06-10;51486.94
2020-06-12;50169.11
2020-06-15;48991.89
2020-06-16;50385.49
2020-06-17;50312.8
2020-06-18;50445.13
2020-06-19;50670.08
2020-06-22;50606.02
2020-06-23;51438.3
2020-06-24;50479.64
2020-06-25;50658.89
2020-06-26;49725.89
2020-06-29;49972.05
2020-06-30;49569.17
2020-07-01;50104.2
2020-07-02;50937.18
2020-07-03;50959.44
2020-07-06;51480.18
2020-07-07;50973.66
2020-07-08;50726.22
2020-07-09;50844.47
2020-07-10;50933.53
2020-07-13;51168.14
2020-07-14;50443.27
2020-07-15;51008.62
2020-07-16;51121.23
2020-07-17;51046.47
2020-07-20;52170.68
2020-07-21;52537.11
2020-07-22;52145.96
2020-07-23;51890.42
2020-07-24;51672.44
2020-07-27;52215.51
2020-07-28;52159.95
2020-07-29;52045.58
2020-07-30;50024.63
2020-07-31;50468.16
2020-08-03;51534.26
2020-08-04;51690.75
2020-08-05;52289.67
2020-08-06;51816.87
2020-08-07;51732.44
2020-08-10;51934.45
2020-08-11;52420.67
2020-08-12;52487.84
2020-08-13;52706.25
2020-08-14;52631.64
2020-08-17;52889
2020-08-18;52490.77
2020-08-19;52262.21
2020-08-20;51842.65
2020-08-21;51920.09
2020-08-24;52424.18
2020-08-25;51963.74
2020-08-26;52518.38
2020-08-27;52528.67
2020-08-28;52237.26
2020-08-31;51629.45
2020-09-01;50937.27
2020-09-02;51356.24
2020-09-03;50915.67
2020-09-04;50522.18
2020-09-07;50815.26
2020-09-08;49556.34
2020-09-09;50757.07
2020-09-10;50561.3
2020-09-11;50737.57
2020-09-14;50454.28
2020-09-15;50037.97
2020-09-16;49882.7
2020-09-17;50035.54
2020-09-18;49825.58
2020-09-21;48447.72
2020-09-22;48741.38
2020-09-23;48482.58
2020-09-24;48009.43
2020-09-25;48294.74
2020-09-28;49841.68
2020-09-29;49499.4
2020-09-30;49411.53
2020-10-01;49035.41
2020-10-02;49043.26
2020-10-05;50014.64
2020-10-06;50113.97
2020-10-07;50207.28
2020-10-08;49727.34
2020-10-09;49191.09
2020-10-12;48938.01
2020-10-13;48464.15
2020-10-14;48596.45
2020-10-15;47482
2020-10-16;48210.12
2020-10-19;48128.15
2020-10-20;48418.97
2020-10-21;47912.13
2020-10-22;47910.38
2020-10-23;47846.25
2020-10-26;47418.61
2020-10-27;47198.4
2020-10-28;45008.3
2020-10-29;44840.6
2020-10-30;44097.98
2020-11-02;45177.16
2020-11-03;47160.46
2020-11-04;47294.2
2020-11-05;48295.31
2020-11-06;48962.48
2020-11-09;50827.48
2020-11-10;51280.02
2020-11-12;51229.23
2020-11-13;50636.31
2020-11-16;51931.11
2020-11-17;51781.8
2020-11-18;52232.17
2020-11-19;51651.4
2020-11-20;52353.64
2020-11-23;52734.84
2020-11-24;53303.29
2020-11-25;53401.8
2020-11-26;53187.31
2020-11-27;53302.48
2020-11-30;52639.45
2020-12-01;52932.37
2020-12-02;53983.67
2020-12-03;53967.82
2020-12-04;55304.72
2020-12-07;55567.38
2020-12-08;56011.89
2020-12-09;56632.69
2020-12-10;56230.4
2020-12-11;55501.03
2020-12-14;55150.21
2020-12-15;55614.04
2020-12-16;56507.5
2020-12-17;56176.07
2020-12-18;55607.24
2020-12-21;54139.25
2020-12-22;55108.83
2020-12-23;55843.46
2020-12-28;57172.46
2020-12-29;57701.4
2020-12-30;57025.84
2021-01-04;57954.68
2021-01-05;58027.01
2021-01-07;59687.54
2021-01-08;59843.23
2021-01-11;59772.63
2021-01-12;59159.31
2021-01-13;58532.83
2021-01-14;58945.17
2021-01-15;57872.92
2021-01-18;58873.13
2021-01-19;58042.59
2021-01-20;58114.63
2021-01-21;57226.74
2021-01-22;57304.69
2021-01-25;56999.79
2021-01-26;57785.37
2021-01-27;56453.85
2021-01-28;57797.95
2021-01-29;56978.68
2021-02-01;57465.45
2021-02-02;57256.73
2021-02-03;56944.12
2021-02-04;56669.86
2021-02-05;57453.85
2021-02-08;57439.05
2021-02-09;57247.73
2021-02-10;56752.37
2021-02-11;57790.5
2021-02-12;57428.07
2021-02-15;58422.63
2021-02-16;59415.71
2021-02-17;59008.47
2021-02-18;58684.46
2021-02-19;58712.53
2021-02-22;58157.32
2021-02-23;57029.17
2021-02-24;57596.33
2021-02-25;57706.4
2021-02-26;56970.3
2021-03-01;58012.31
2021-03-02;58299.06
2021-03-03;57897
2021-03-04;57869.71
2021-03-05;57643.55
2021-03-08;58332.29
2021-03-09;58971.22
2021-03-10;59291.68
2021-03-11;59028.6
2021-03-12;59443.12
2021-03-15;59528.38
2021-03-16;59088.73
2021-03-17;57924.26
2021-03-18;58405.96
2021-03-19;57595.05
2021-03-22;57789.28
2021-03-23;57695.05
2021-03-24;57082.3
2021-03-25;56448.66
2021-03-26;57525.64
2021-03-29;58444.34
2021-03-30;58249.46
2021-03-31;58081.5
2021-04-01;58512.71
2021-04-06;60023.32
2021-04-07;59695.31
2021-04-08;59435.58
2021-04-09;59389.97
2021-04-12;59645.06
2021-04-13;59413.21
2021-04-14;60146.63
2021-04-15;60279.93
2021-04-16;60158.72
2021-04-19;59785.22
2021-04-20;59386.5
2021-04-21;59083.55
2021-04-22;59376.35
2021-04-23;59355.67
2021-04-26;59731.04
2021-04-27;59654.18
2021-04-28;60462.4
2021-04-29;61043.33
2021-04-30;60810.55
2021-05-04;59960.14
2021-05-05;60936.81
2021-05-06;60898.92
2021-05-07;62109
2021-05-10;62757.16
2021-05-11;62552.31
2021-05-12;62214.14
2021-05-13;62004.52
2021-05-14;62237.55
2021-05-17;63095.13
2021-05-18;63307.2
2021-05-19;62778.65
2021-05-20;63262.41
2021-05-21;63626.19
2021-05-24;63639.36
2021-05-25;64055.2
2021-05-26;64427.81
2021-05-27;65400.51
2021-05-28;66195.47
2021-05-31;66284.71
2021-06-01;66278.91
2021-06-02;66757.97
2021-06-04;66877.18
2021-06-07;66771.72
2021-06-08;66497.71
2021-06-09;66114.56
2021-06-10;66507.19
2021-06-11;66210.63
2021-06-14;66924.39
2021-06-15;66316.44
2021-06-16;66180.17
2021-06-17;65806.48
2021-06-18;65988.89
2021-06-21;65947.24
2021-06-22;66200.05
2021-06-23;66733.76
2021-06-24;67745.39
2021-06-25;67947.66
2021-06-28;67999.07
2021-06-29;67264.87
2021-06-30;66067.21
2021-07-01;66836.25
2021-07-02;67027.89
2021-07-05;67350.36
2021-07-06;66651.18
2021-07-07;67917.27
2021-07-08;66598.05
2021-07-09;67128.8
2021-07-12;67162.04
2021-07-13;67448.53
2021-07-14;67631.56
2021-07-15;67292.59
2021-07-16;67329.44
2021-07-19;65737.96
2021-07-20;66110.12
2021-07-21;67093.95
2021-07-22;66882.41
2021-07-23;67190.72
2021-07-26;67223.21
2021-07-27;66710.29
2021-07-28;67346.18
2021-07-29;67833.05
2021-07-30;67637.95
2021-08-02;67838.54
2021-08-03;67805.79
2021-08-04;68170.76
2021-08-05;68256.77
2021-08-06;68387.12
2021-08-09;68487.65
2021-08-10;68635.19
2021-08-11;68813.65
2021-08-12;69076.8
2021-08-13;69254.4
2021-08-16;68811.77
2021-08-17;69160.02
2021-08-18;68796.17
2021-08-19;68035.61
2021-08-20;67966.14
2021-08-23;68763
2021-08-24;69093.64
2021-08-25;69728.77
2021-08-26;69454.99
2021-08-27;69774.86
2021-08-30;70526.66
2021-08-31;70930.15
2021-09-01;70995.66
2021-09-02;71431.16
2021-09-03;71177.34
2021-09-06;72170.41
2021-09-07;71798.97
2021-09-08;70970.4
2021-09-09;70980.21
2021-09-10;71091.23
2021-09-13;71804
2021-09-14;72040.73
2021-09-15;71711.5
2021-09-16;71674.66
2021-09-17;71107.64
2021-09-20;69144.42
2021-09-21;69420.01
2021-09-22;70950.82
2021-09-23;70725.53
2021-09-24;70162.59
2021-09-27;70027.1
2021-09-28;69440.48
2021-09-29;69871.41
2021-09-30;70340.86
2021-10-01;70811.97
2021-10-04;71265.39
2021-10-05;71940.47
2021-10-06;71789.34
2021-10-07;72124.89
2021-10-08;73327.72
2021-10-11;74459.9
2021-10-12;74736.92
2021-10-13;74282.98
2021-10-14;74524.78
2021-10-15;74444.83
2021-10-18;74651.77
2021-10-19;74298.79
2021-10-20;74222.39
2021-10-21;73818.53
2021-10-22;73602.06
2021-10-25;73876.44
2021-10-26;73909.36
2021-10-27;73377.9
2021-10-28;73217.44
2021-10-29;73586.32
2021-11-02;73770.02
2021-11-03;72975.13
2021-11-04;74659.51
2021-11-05;74813.24
2021-11-08;74431.48
2021-11-09;73574.18
2021-11-10;72794.96
2021-11-12;72574.53
2021-11-15;72086.26
2021-11-16;72119.39
2021-11-17;71522.51
2021-11-18;70145.47
2021-11-19;69415.67
2021-11-22;69339.63
2021-11-23;69573.78
2021-11-24;69124.84
2021-11-25;68860.62
2021-11-26;66440.82
2021-11-29;66648.65
2021-11-30;67814.89
2021-12-01;68513.01
2021-12-02;68203.86
2021-12-03;67730.01
2021-12-06;67835.38
2021-12-07;68979.12
2021-12-08;68729.56
2021-12-09;68326.8
2021-12-10;68368.83
2021-12-13;68230.1
2021-12-14;67902.92
2021-12-15;66570.63
2021-12-16;67984.08
2021-12-17;67153.1
2021-12-20;67069.57
2021-12-21;67163.26
2021-12-22;67756.65
2021-12-23;68120.16
2021-12-27;68090.43
2021-12-28;68737.48
2021-12-29;69148.97
2021-12-30;69296.26
2022-01-03;70077.55
2022-01-04;70469.03
2022-01-05;70750.99
2022-01-07;70850.99
2022-01-10;70411.91
2022-01-11;71706.57
2022-01-12;73334.24
2022-01-13;73245.28
2022-01-14;72563.29
2022-01-17;72250.41
2022-01-18;70911.85
2022-01-19;70733.07
2022-01-20;70419.86
2022-01-21;69265.35
2022-01-24;66220.35
2022-01-25;67047.4
2022-01-26;68035.19
2022-01-27;68131.21
2022-01-28;66892.11
2022-01-31;67418.41
2022-02-01;67972.26
2022-02-02;68875.71
2022-02-03;68551
2022-02-04;67149.47
2022-02-07;67090.36
2022-02-08;68071.99
2022-02-09;68491.39
2022-02-10;67939.86
2022-02-11;67618
2022-02-14;66094.22
2022-02-15;67532.04
2022-02-16;67607.05
2022-02-17;66409.08
2022-02-18;65696.56
2022-02-21;63605.74
2022-02-22;64384.3
2022-02-23;62826.09
2022-02-24;56086.65
2022-02-25;60414.19
2022-02-28;61141.35
2022-03-01;60030.88
2022-03-02;61659.59
2022-03-03;61010.19
2022-03-04;58386.18
2022-03-07;58562.7
2022-03-08;57908.79
2022-03-09;59917.86
2022-03-10;59796.72
2022-03-11;61323.15
2022-03-14;60044.05
2022-03-15;60656.75
2022-03-16;62488.8
2022-03-17;64133.07
2022-03-18;63658.84
2022-03-21;63588.98
2022-03-22;64318.55
2022-03-23;64374.28
2022-03-24;64948.68
2022-03-25;64420.13
2022-03-28;64581.93
2022-03-29;65603.53
2022-03-30;65909.37
2022-03-31;64900.36
2022-04-01;65716.19
2022-04-04;65685.17
2022-04-05;64906.52
2022-04-06;64264.54
2022-04-07;63524.54
2022-04-08;63718.63
2022-04-11;64494.3
2022-04-12;63863.17
2022-04-13;64037.41
2022-04-14;63760.06
2022-04-19;63200.73
2022-04-20;62780.02
2022-04-21;62331.7
2022-04-22;60903.71
2022-04-25;59442.53
2022-04-26;58836.03
2022-04-27;58139.06
2022-04-28;58300.98
2022-04-29;57754.98
2022-05-02;56886.29
2022-05-04;56695.38
2022-05-05;55467.4
2022-05-06;55237.12
2022-05-09;54194.24
2022-05-10;53951.73
2022-05-11;53899.7
2022-05-12;53074.58
2022-05-13;55143.54
2022-05-16;55260.52
2022-05-17;56247.82
2022-05-18;56292.6
2022-05-19;55555.31
2022-05-20;55687.59
2022-05-23;57167.82
2022-05-24;56514.99
2022-05-25;56167.94
2022-05-26;56929.76
2022-05-27;56609.87
2022-05-30;57836.79
2022-05-31;57432.29
2022-06-01;57025.53
2022-06-02;57227.34
2022-06-03;56857.65
2022-06-06;57588.05
2022-06-07;57098.75
2022-06-08;56070.26
2022-06-09;55440.27
2022-06-10;54307.76
2022-06-13;52854.04
2022-06-14;53247.17
2022-06-15;53357.34
2022-06-17;52629.58
2022-06-20;52939.91
2022-06-21;54066.32
2022-06-22;53001.66
2022-06-23;52274.01
2022-06-24;53014.11
2022-06-27;53849.32
2022-06-28;54492.82
2022-06-29;54699.63
2022-06-30;53573.42
2022-07-01;53433.55
2022-07-04;53455.23
2022-07-05;52064.47
2022-07-06;52139.6
2022-07-07;53853.42
2022-07-08;54611.02
2022-07-11;54081.12
2022-07-12;52667.43
2022-07-13;52440.94
2022-07-14;51418.11
2022-07-15;51633.52
2022-07-18;52947.63
2022-07-19;53240.23
2022-07-20;53733.48
2022-07-21;53415.38
2022-07-22;54105.89
2022-07-25;53707.85
2022-07-26;52981.83
2022-07-27;52873.92
2022-07-28;53324.51
2022-07-29;55007.36
2022-08-01;55345.68
2022-08-02;54767.2
2022-08-03;54841.05
2022-08-04;54351.82
2022-08-05;53863.78
2022-08-08;55009.15
2022-08-09;54724.98
2022-08-10;54955.75
2022-08-11;55774.95
2022-08-12;56070.42
2022-08-16;56217.76
2022-08-17;54867.57
2022-08-18;55245.45
2022-08-19;54398.69
2022-08-22;53368.61
2022-08-23;53689.66
2022-08-24;52711.92
2022-08-25;53074.42
2022-08-26;52282.33
2022-08-29;51274.1
2022-08-30;50240.74
2022-08-31;50174.09
2022-09-01;48479.34
2022-09-02;49671.47
2022-09-05;49380.47
2022-09-06;48373.48
2022-09-07;48883.67
2022-09-08;49104.24
2022-09-09;50708.61
2022-09-12;51295.23
2022-09-13;50065.29
2022-09-14;50296.85
2022-09-15;50571.87
2022-09-16;49350.07
2022-09-19;50071.88
2022-09-20;49253.15
2022-09-21;49477.58
2022-09-22;49765.47
2022-09-23;48081.16
2022-09-26;47185.13
2022-09-27;47859.82
2022-09-28;47468.26
2022-09-29;45864.62
2022-09-30;45970.64
2022-10-03;46312.48
2022-10-04;48070.03
2022-10-05;47160.97
2022-10-06;47299.55
2022-10-07;46911.05
2022-10-10;46086.4
2022-10-11;46217.66
2022-10-12;46071.33
2022-10-13;45621.39
2022-10-14;46570.39
2022-10-17;47009.07
2022-10-18;47349.71
2022-10-19;46509.19
2022-10-20;47283.29
2022-10-21;46768.23
2022-10-24;47370.66
2022-10-25;47700.34
2022-10-26;48934.47
2022-10-27;49437.4
2022-10-28;49547.35
2022-10-31;50432.55
2022-11-02;51334.82
2022-11-03;50915.87
2022-11-04;52300.2
2022-11-07;52682.32
2022-11-08;53324.24
2022-11-09;53294.45
2022-11-10;54421.13
2022-11-14;55812.08
2022-11-15;56385.92
2022-11-16;55612.11
2022-11-17;54791.43
2022-11-18;54891.25
2022-11-21;54259.77
2022-11-22;55166.92
2022-11-23;55119.04
2022-11-24;56107.93
2022-11-25;56280.53
2022-11-28;55748.47
2022-11-29;55942.67
2022-11-30;56058.18
2022-12-01;56867.54
2022-12-02;56207.29
2022-12-05;56478.83
2022-12-06;55908.34
2022-12-07;55983.89
2022-12-08;55717.43
2022-12-09;55836.35
2022-12-12;56515.01
2022-12-13;57362.88
2022-12-14;57447.38
2022-12-15;56450.56
2022-12-16;56032.12
2022-12-19;56118.16
2022-12-20;56656.26
2022-12-21;57291.89
2022-12-22;57088.69
2022-12-23;57039.91
2022-12-27;56574.46
2022-12-28;56641.19
2022-12-29;57637.95
2022-12-30;57462.68
2023-01-02;57694
2023-01-03;58795.62
2023-01-04;59754.4
2023-01-05;59854.8
2023-01-09;61364.58
2023-01-10;61967.33
2023-01-11;61279.52
2023-01-12;61751.5
2023-01-13;61565.83
2023-01-16;61867.14
2023-01-17;61041.14
2023-01-18;61176.97
2023-01-19;60555.94
2023-01-20;60788.05
2023-01-23;61619.86
2023-01-24;61500.61
2023-01-25;60530.45
2023-01-26;61235.79
2023-01-27;61269.7
2023-01-30;60589.15
2023-01-31;61286.58
2023-02-01;60488.42
2023-02-02;61367.64
2023-02-03;61465.85
2023-02-06;60343.17
2023-02-07;60491.08
2023-02-08;60952.29
2023-02-09;61394.17
2023-02-10;60008.87
2023-02-13;60106.84
2023-02-14;60141.79
2023-02-15;60584.75
2023-02-16;60608.71
2023-02-17;60459.17
2023-02-20;60242.74
2023-02-21;59514.95
2023-02-22;58700.74
2023-02-23;59474.66
2023-02-24;59051.34
2023-02-27;59406.03
2023-02-28;60181.4
2023-03-01;60502.07
2023-03-02;59469
2023-03-03;60205.87
2023-03-06;61253.26
2023-03-07;60852.51
2023-03-08;61096.28
2023-03-09;60642.79
2023-03-10;59570
2023-03-13;58204.15
2023-03-14;58386.16
2023-03-15;56844.08
2023-03-16;56905.06
2023-03-17;56283.05
2023-03-20;56451.04
2023-03-21;57317.98
2023-03-22;56989.76
2023-03-23;56983.56
2023-03-24;56024.38
2023-03-27;56502.5
2023-03-28;56770
2023-03-29;57173.15
2023-03-30;58665.21
2023-03-31;58608.76
2023-04-03;59045.1
2023-04-04;59027.2
2023-04-05;58548.76
2023-04-06;58538.87
2023-04-11;59538.91
2023-04-12;60262.5
2023-04-13;60938.85
2023-04-14;61293.06
2023-04-17;61656.26
2023-04-18;62496.3
2023-04-19;62435.08
2023-04-20;62756.88
2023-04-21;62409.21
2023-04-24;62642.5
2023-04-25;62147.08
2023-04-26;61980.14
2023-04-27;63569.86
2023-04-28;62948.5
2023-05-02;62839.63
2023-05-04;61875.44
2023-05-05;62692.96
2023-05-08;63135.67
2023-05-09;63189.09
2023-05-10;63573.42
2023-05-11;63144.1
2023-05-12;63669.39
2023-05-15;63691.31
2023-05-16;63940.58
2023-05-17;63519.2
2023-05-18;63629.04
2023-05-19;64919.22
2023-05-22;65430.97
2023-05-23;65419.25
2023-05-24;64116.96
2023-05-25;63671.87
2023-05-26;64788.01
2023-05-29;64683.98
2023-05-30;63820.35
2023-05-31;62285.97
2023-06-01;63636.25
2023-06-02;65654.39
2023-06-05;65683.04
2023-06-06;66567.5
2023-06-07;66093.75
2023-06-09;66531.53
2023-06-12;66297.57
2023-06-13;65619.25
2023-06-14;67005.54
2023-06-15;67556.07
2023-06-16;67850.51
2023-06-19;67358.25
2023-06-20;66889.25
2023-06-21;67178.62
2023-06-22;67277.2
2023-06-23;66272.99
2023-06-26;67119.55
2023-06-27;66398.81
2023-06-28;66690.08
2023-06-29;67245.28
2023-06-30;67283.22
2023-07-03;67962.32
2023-07-04;67473.88
2023-07-05;66461.04
2023-07-06;66408.37
2023-07-07;67181.67
2023-07-10;67516.6
2023-07-11;67934.82
2023-07-12;69667.83
2023-07-13;69740.36
2023-07-14;70242.39
2023-07-17;70682.89
2023-07-18;71383.58
2023-07-19;71636.2
2023-07-20;71377.56
2023-07-21;71298.19
2023-07-24;71717.01
2023-07-25;71941.81
2023-07-26;71385.58
2023-07-27;71986.43
2023-07-28;71965.41
2023-07-31;72268.53
2023-08-01;72115.48
2023-08-02;70814.36
2023-08-03;70751.1
2023-08-04;71471.63
2023-08-07;70846.61
2023-08-08;69749.31
2023-08-09;69991.47
2023-08-10;70897.73
2023-08-11;70503.71
2023-08-14;70144.12
2023-08-16;68885.11
2023-08-17;68299.82
2023-08-18;68084.46
2023-08-21;68295.2
2023-08-22;68161.12
2023-08-23;68153.41
2023-08-24;68007.57
2023-08-25;67706.43
2023-08-28;68721.61
2023-08-29;68794.91
2023-08-30;68979.76
2023-08-31;68431.46
2023-09-01;69017.61
2023-09-04;68356.52
2023-09-05;67828.6
2023-09-06;66747.11
2023-09-07;65932.92
2023-09-08;66542.34
2023-09-11;66466.05
2023-09-12;66559.85
2023-09-13;66663.75
2023-09-14;67199.88
2023-09-15;67368.11
2023-09-18;66439.42
2023-09-19;66136.36
2023-09-20;67293.01
2023-09-21;66528.72
2023-09-22;66519.31
2023-09-25;65788.09
2023-09-26;65760.08
2023-09-27;64884.38
2023-09-28;64417.96
2023-09-29;65397.43
2023-10-02;64190.54
2023-10-03;63776.83
2023-10-04;64282.18
2023-10-05;63799.77
2023-10-06;63903.35
2023-10-09;65008.48
2023-10-10;66571.49
2023-10-11;67053.03
2023-10-12;66682.65
2023-10-13;67061.9
2023-10-16;69960.65
2023-10-17;71222.64
2023-10-18;70474.84
2023-10-19;69156.94
2023-10-20;68361.11
2023-10-23;68128.89
2023-10-24;69219.49
2023-10-25;70221.81
2023-10-26;70779.06
2023-10-27;70290.31
2023-10-30;71023.24
2023-10-31;71582.26
2023-11-02;71835.07
2023-11-03;72473.24
2023-11-06;72823.52
2023-11-07;72266.7
2023-11-08;71542.19
2023-11-09;72411.6
2023-11-10;71545.8
2023-11-13;71199.05
2023-11-14;74171.3
2023-11-15;73688.49
2023-11-16;73738.01
2023-11-17;74091.85
2023-11-20;74783.93
2023-11-21;74711.48
2023-11-22;74733.66
2023-11-23;74444.82
2023-11-24;74469.99
2023-11-27;73969.84
2023-11-28;75010.76
2023-11-29;74512.08
2023-11-30;74264.07
2023-12-01;76319.05
2023-12-04;76343.08
2023-12-05;76867.53
2023-12-06;77161.39
2023-12-07;76516.02
2023-12-08;77111.85
2023-12-11;77389.38
2023-12-12;76840.65
2023-12-13;76948.6
2023-12-14;77407.14
2023-12-15;77647.1
2023-12-18;78144.18
2023-12-19;78742.72
2023-12-20;78555.5
2023-12-21;78723.4
2023-12-22;78667.79
2023-12-27;79246.98
2023-12-28;78937.48
2023-12-29;78459.91
2024-01-02;77451.31
2024-01-03;77053.98
2024-01-04;76827.85
2024-01-05;76593.76
2024-01-08;76876.5
2024-01-09;77268.35
2024-01-10;76840.58
2024-01-11;76042.95
2024-01-12;76106.23
2024-01-15;75127.54
2024-01-16;74950.09
2024-01-17;73582.3
2024-01-18;74367.89
2024-01-19;74774.93
2024-01-22;74954.24
2024-01-23;74601.92
2024-01-24;75351.32
2024-01-25;75219.71
2024-01-26;75683.59
2024-01-29;75347.11
2024-01-30;76072.25
2024-01-31;77416.31
2024-02-01;78417.88
2024-02-02;79575.14
2024-02-05;79002.75
2024-02-06;79150.11
2024-02-07;79473.35
2024-02-08;78711.66
2024-02-09;78450.66
2024-02-12;79424.63
2024-02-13;78038.67
2024-02-14;79421.21
2024-02-15;79333.22
2024-02-16;80147.01
2024-02-19;80827.33
2024-02-20;81780.51
2024-02-21;81412.34
2024-02-22;82464.52
2024-02-23;83265.56
2024-02-26;83116.29
2024-02-27;83007.32
2024-02-28;81661.42
2024-02-29;81944.56
2024-03-01;82172.36
2024-03-04;81264.27
2024-03-05;80537.55
2024-03-06;80742.03
2024-03-07;79879.2
2024-03-08;80199.54
2024-03-11;80359.43
2024-03-12;81916.43
2024-03-13;81647.32
2024-03-14;81787.89
2024-03-15;80199.35
2024-03-18;79997.2
2024-03-19;79698.76
2024-03-20;79709.28
2024-03-21;81814.93
2024-03-22;80992.64
2024-03-25;80081.15
2024-03-26;81286.31
2024-03-27;81560.33
2024-03-28;82745.58
2024-04-02;82895.6
2024-04-03;82863.21
2024-04-04;83866.96
2024-04-05;83642.11
2024-04-08;84664.91
2024-04-09;83705.16
2024-04-10;84406.4
2024-04-11;83492.28
2024-04-12;82864.67
2024-04-15;83173.12
2024-04-16;81281.34
2024-04-17;82393.93
2024-04-18;83189.46
2024-04-19;83206.02
2024-04-22;84463.9
2024-04-23;84839.47
2024-04-24;84201.22
2024-04-25;83535.02
2024-04-26;84443.72
2024-04-29;85375.3
2024-04-30;84569.65
2024-05-02;84393.73
2024-05-06;86575.3
2024-05-07;86483.54
2024-05-08;86888.67
2024-05-09;87427.54
2024-05-10;86508.67
2024-05-13;87387.58
2024-05-14;87797.29
2024-05-15;88092.61
2024-05-16;88384.55
2024-05-17;88734.63
2024-05-20;89414
2024-05-21;88739.92
2024-05-22;88314.37
2024-05-23;88090.51
2024-05-24;87690.05
2024-05-27;87654.95
2024-05-28;86996.07
2024-05-29;85697.03
2024-05-31;86315.26
2024-06-03;86832.67
2024-06-04;84978.57
2024-06-05;85342.58
2024-06-06;85782.83
2024-06-07;84902.67
2024-06-10;84845.86
2024-06-11;83878.09
2024-06-12;85072.15
2024-06-13;83701.17
2024-06-14;83875.74
2024-06-17;85276.34
2024-06-18;85249.08
2024-06-19;86385.81
2024-06-20;86549.62
2024-06-21;86415.61
2024-06-24;87868.24
2024-06-25;87972.83
2024-06-26;87849.35
2024-06-27;88135.13
2024-06-28;88613.67
2024-07-01;88385.7
2024-07-02;87485.28
2024-07-03;87927.07
2024-07-04;88172.42
2024-07-05;87297.02
2024-07-08;87986.09
2024-07-09;88178.96
2024-07-10;87487.2
2024-07-11;88154.63
2024-07-12;88693.82
2024-07-15;88603.27
2024-07-16;85965.15
2024-07-17;85141.13
2024-07-18;86413.16
2024-07-19;85852.44
2024-07-22;86091.21
2024-07-23;84908.55
2024-07-24;84486.13
2024-07-25;83934.36
2024-07-26;83712.63
2024-07-29;84110.95
2024-07-30;83212.14
2024-07-31;84345.7
2024-08-01;82920.89
2024-08-02;81648.83
2024-08-05;78915.84
2024-08-06;78266.44
2024-08-07;78971.56
2024-08-08;79736.49
2024-08-09;79603.18
2024-08-12;82027.1
2024-08-13;81982.09
2024-08-14;82349.67
2024-08-16;84690.74
2024-08-19;84884.54
2024-08-20;83717.15
2024-08-21;84205.76
2024-08-22;84170.37
2024-08-23;84158.33
2024-08-26;83988
2024-08-27;84134.48
2024-08-28;83762.28
2024-08-29;84461.65
2024-08-30;84868.25
2024-09-02;86196.35
2024-09-03;84747.91
2024-09-04;84515.9
2024-09-05;83429.65
2024-09-06;81744.47
2024-09-09;81968.31
2024-09-10;81242.14
2024-09-11;79874
2024-09-12;81074.2
2024-09-13;82302.58
2024-09-16;81710.75
2024-09-17;82923.92
2024-09-18;82705.16
2024-09-19;83203.78
2024-09-20;81759.71
2024-09-23;81900.3
2024-09-24;83324.58
2024-09-25;83780.65
2024-09-26;84399.52
2024-09-27;84947.19
2024-09-30;83274.2
2024-10-01;82892.76
2024-10-02;82834.33
2024-10-03;81721.78
2024-10-04;82010.86
2024-10-07;81995.74
2024-10-08;81767.17
2024-10-09;82841.79
2024-10-10;82632.78
2024-10-11;83455.17
2024-10-14;83271.28
2024-10-15;83240.07
2024-10-16;83759.19
2024-10-17;81890.2
2024-10-18;82650.04
2024-10-21;82084.9
2024-10-22;80953.43
2024-10-23;81087.1
2024-10-24;80854.92
2024-10-25;80755.53
2024-10-28;80763.12
2024-10-29;81736.59
2024-10-30;80179.23
2024-10-31;79550.32
2024-11-04;80861.73
2024-11-05;80271.3
2024-11-06;80505.51
2024-11-07;82510.86
2024-11-08;82250.2
2024-11-12;81064.84
2024-11-13;80361.67
2024-11-14;80999.1
2024-11-15;79330.68
2024-11-18;79187.4
2024-11-19;77230.81
2024-11-20;77894.18
2024-11-21;79017.93
2024-11-22;79492.14
2024-11-25;79634.43
2024-11-26;79522.95
2024-11-27;79130.5
2024-11-28;79072.1
2024-11-29;79369.82
2024-12-02;81072.76
2024-12-03;80875.49
2024-12-04;81643.03
2024-12-05;82785.95
2024-12-06;82860.19
2024-12-09;82917.01
2024-12-10;82934.71
2024-12-11;82356.59
2024-12-12;81725.18
2024-12-13;81632.73
2024-12-16;81663.62
2024-12-17;79790.87
2024-12-18;80225.59
2024-12-19;80166.77
2024-12-20;79474.16
2024-12-23;79617.28
2024-12-27;79842.52
2024-12-30;79577.32
2025-01-02;80936.61
2025-01-03;81444.58
2025-01-07;82190.4
2025-01-08;81250.71
2025-01-09;81857.12
2025-01-10;82210.47
2025-01-13;80971.81
2025-01-14;81464.24
2025-01-15;82883.69
2025-01-16;82705.76
2025-01-17;83676.42
2025-01-20;84254.98
2025-01-21;84425.62
2025-01-22;85298.3
2025-01-23;85248.16
2025-01-24;85840.78
2025-01-27;85548.18
2025-01-28;86194.5
2025-01-29;86203.19
2025-01-30;87612.13
2025-01-31;87367.57
2025-02-03;85963.68
2025-02-04;86793.21
2025-02-05;86131.83
2025-02-06;88376.12
2025-02-07;89150.14
2025-02-10;89895.48
2025-02-11;90993.39
2025-02-12;91778.14
2025-02-13;92342.43
2025-02-14;91788.05
2025-02-17;92461.23
2025-02-18;94650.54
2025-02-19;93461.23
2025-02-20;92958.43
2025-02-21;93117.48
2025-02-24;91306.52
2025-02-25;91730.25
2025-02-26;93267.22
2025-02-27;92380.21
2025-02-28;91996.4
2025-03-03;92526.5
2025-03-04;89280.31
2025-03-05;92060.85
2025-03-06;93444.96
2025-03-07;93611.8
2025-03-10;92203.3
2025-03-11;91991
2025-03-12;93428.42
2025-03-13;94955.29
2025-03-14;97045.24
2025-03-17;98011.87
2025-03-18;98770.37
2025-03-19;98439.39
2025-03-20;97609.94
2025-03-21;96891.23
2025-03-24;98281.71
2025-03-25;99487.67
2025-03-26;98547.63
2025-03-27;98745.21
2025-03-28;97819.39
2025-03-31;95953.33
2025-04-01;97511.08
2025-04-02;97963.95
2025-04-03;94482.05
2025-04-04;89040
2025-04-07;87727.11
2025-04-08;90412.02
2025-04-09;87988.57
2025-04-10;91690.85
2025-04-11;91120.04
2025-04-14;93759.46
2025-04-15;94140.8
2025-04-16;94136.7
2025-04-17;95165.01
2025-04-22;97124.61
2025-04-23;99675.82
2025-04-24;100115.26
2025-04-25;100156.88
2025-04-28;100492.85
2025-04-29;100815.9
2025-04-30;98722.91
2025-05-02;101199.94
2025-05-05;100437.08
2025-05-06;99195.99
2025-05-07;100382.72
2025-05-08;101010.19
2025-05-09;103247.39
2025-05-12;103526.84
2025-05-13;104280.78
2025-05-14;103815.38
2025-05-15;103232.88
2025-05-16;103150.46
2025-05-19;102362.07
2025-05-20;102543.24
2025-05-21;101569.03
2025-05-22;100768.42
2025-05-23;99925.61
2025-05-26;102261.41
2025-05-27;102966.25
2025-05-28;103870.29
2025-05-29;101954.88
2025-05-30;101476.07
2025-06-02;100908.59
2025-06-03;99970.96
2025-06-04;101380.52
2025-06-05;100227.96
2025-06-06;99287.48
2025-06-09;100344.89
2025-06-10;102091.25
2025-06-11;101699.25
2025-06-12;100894.69
2025-06-13;99364.86
2025-06-16;99583.4
2025-06-17;100082.01
2025-06-18;99940.42
2025-06-20;100405.84
2025-06-23;98984.52
2025-06-24;101387.48
2025-06-25;101221
2025-06-26;103380.71
2025-06-27;103728.06
2025-06-30;104691.71
2025-07-01;104200.5
2025-07-02;104587.92
2025-07-03;106187.44
2025-07-04;105548.27
2025-07-07;105479.27
2025-07-08;106001.95
2025-07-09;106354.26
2025-07-10;104923.53
2025-07-11;105106.98
2025-07-14;105605.91
2025-07-15;105484.78
2025-07-16;105470.67
2025-07-17;106681.74
2025-07-18;108431.73
2025-07-21;107995.84
2025-07-22;107395.6
2025-07-23;107975.62
2025-07-24;108690.07
2025-07-25;108552.82
2025-07-28;106778.89
2025-07-29;108041.14
2025-07-30;108896.66
2025-07-31;107885.5
2025-08-01;105684.54
2025-08-04;106574.64
2025-08-05;106169.31
2025-08-06;108259.29
2025-08-07;110046.8
2025-08-08;110917.43
2025-08-11;110092.82
2025-08-12;110683.44
2025-08-13;110781.85
2025-08-14;109366.66
2025-08-18;109911.65
2025-08-19;111227.48
2025-08-20;110796.99
2025-08-21;112002.76
2025-08-22;107648.46
2025-08-25;108528.44
2025-08-26;108534.08
2025-08-27;106857.65
2025-08-28;106030.68
2025-08-29;104775.45
2025-09-01;103939.74
2025-09-02;103935.91
2025-09-03;104458.97
2025-09-04;105999.04
2025-09-05;105563.27
2025-09-08;107523.29
2025-09-09;106641.59
2025-09-10;105682.9
2025-09-11;107084.89
2025-09-12;106413.18
2025-09-15;107484.11
2025-09-16;105950.79
2025-09-17;105617.25
2025-09-18;105564.9
2025-09-19;105380.97
2025-09-22;105324.97
2025-09-23;105866.67
