Date,FX_USD/PLN,FX_EUR/PLN,FX_CHF/PLN,close_dxy
2018-01-02,3.4546,4.1701,3.5567,91.8499984741211
2018-01-03,3.4616,4.1673,3.5592,92.16000366210938
2018-01-04,3.4472,4.1515,3.5308,91.8499984741211
2018-01-05,3.4488,4.1544,3.5298,91.9499969482422
2018-01-08,3.4735,4.1647,3.5502,92.33000183105467
2018-01-09,3.4992,4.1779,3.5622,92.52999877929688
2018-01-10,3.4999,4.1784,3.5623,92.33000183105467
2018-01-11,3.495,4.1758,3.5683,91.8499984741211
2018-01-12,3.4366,4.1669,3.5365,90.97000122070312
2018-01-16,3.419,4.1825,3.5428,90.38999938964844
2018-01-17,3.4109,4.1739,3.5398,90.54000091552734
2018-01-18,3.4108,4.1663,3.5471,90.5
2018-01-19,3.3994,4.175,3.5576,90.56999969482422
2018-01-22,3.4036,4.1696,3.5472,90.4000015258789
2018-01-23,3.4084,4.1712,3.5396,90.12000274658205
2018-01-24,3.375,4.1637,3.546,89.20999908447266
2018-01-25,3.3376,4.1493,3.547,89.38999938964844
2018-01-26,3.3299,4.1477,3.5644,89.06999969482422
2018-01-29,3.3375,4.1423,3.5625,89.30999755859375
2018-01-30,3.3442,4.1461,3.5802,89.19000244140625
2018-01-31,3.3318,4.1488,3.5755,89.12999725341797
2018-02-01,3.3346,4.1504,3.5806,88.66999816894531
2018-02-02,3.3329,4.1615,3.5886,89.19999694824219
2018-02-05,3.3375,4.1585,3.5882,89.55000305175781
2018-02-06,3.3498,4.1547,3.5852,89.58999633789062
2018-02-07,3.3677,4.1593,3.5904,90.26000213623048
2018-02-08,3.4119,4.1733,3.6056,90.2300033569336
2018-02-09,3.4263,4.2024,3.6506,90.44000244140624
2018-02-12,3.4122,4.1846,3.638,90.20999908447266
2018-02-13,3.3916,4.1764,3.6283,89.69999694824219
2018-02-14,3.3769,4.1716,3.611,89.12000274658203
2018-02-15,3.3259,4.153,3.594,88.58999633789062
2018-02-16,3.3173,4.1559,3.6049,89.0999984741211
2018-02-20,3.3597,4.1472,3.5967,89.72000122070312
2018-02-21,3.3697,4.1562,3.5978,90.08000183105467
2018-02-22,3.4009,4.1811,3.6252,89.75
2018-02-23,3.3911,4.1738,3.6302,89.87999725341797
2018-02-26,3.3799,4.1717,3.6217,89.81999969482422
2018-02-27,3.3816,4.17,3.6093,90.36000061035156
2018-02-28,3.4188,4.1779,3.6268,90.61000061035156
2018-03-01,3.4356,4.1854,3.6333,90.31999969482422
2018-03-02,3.42,4.1986,3.647,89.94000244140625
2018-03-05,3.3995,4.1895,3.6321,90.08000183105467
2018-03-06,3.3936,4.1891,3.6114,89.62000274658203
2018-03-07,3.3744,4.1922,3.5992,89.63999938964844
2018-03-08,3.3935,4.2024,3.5907,90.12000274658205
2018-03-09,3.4132,4.1989,3.5923,90.08999633789062
2018-03-12,3.4066,4.1942,3.5865,89.9000015258789
2018-03-13,3.4143,4.2097,3.6016,89.66000366210938
2018-03-14,3.4055,4.2114,3.6009,89.69999694824219
2018-03-15,3.4117,4.2168,3.6073,90.13999938964844
2018-03-16,3.4214,4.2162,3.6028,90.2300033569336
2018-03-19,3.4341,4.2176,3.6009,89.9000015258789
2018-03-20,3.4296,4.2242,3.6035,90.37000274658205
2018-03-21,3.4544,4.2416,3.6205,89.77999877929688
2018-03-22,3.4264,4.2261,3.6133,89.86000061035156
2018-03-23,3.4319,4.2295,3.6211,89.44000244140625
2018-03-26,3.4145,4.2316,3.6089,89.02999877929688
2018-03-27,3.3921,4.2164,3.5843,89.37000274658203
2018-03-28,3.3956,4.2097,3.5731,90.05999755859375
2018-03-29,3.4201,4.2093,3.5728,90.1500015258789
2018-04-03,3.4177,4.2094,3.5832,90.1999969482422
2018-04-04,3.4224,4.2065,3.5719,90.13999938964844
2018-04-05,3.4301,4.207,3.5681,90.45999908447266
2018-04-06,3.4315,4.1984,3.562,90.11000061035156
2018-04-09,3.4174,4.1967,3.5618,89.83999633789062
2018-04-10,3.4068,4.199,3.5653,89.58999633789062
2018-04-11,3.3859,4.1911,3.534,89.56999969482422
2018-04-12,3.3924,4.1882,3.5303,89.75
2018-04-13,3.3862,4.1769,3.5214,89.80000305175781
2018-04-16,3.3666,4.1628,3.5054,89.43000030517578
2018-04-17,3.3572,4.1582,3.4921,89.5199966430664
2018-04-18,3.3721,4.1677,3.4805,89.62000274658203
2018-04-19,3.3693,4.1665,3.4777,89.94000244140625
2018-04-20,3.3881,4.1724,3.4827,90.31999969482422
2018-04-23,3.4156,4.1802,3.495,90.94000244140624
2018-04-24,3.4401,4.198,3.5158,90.7699966430664
2018-04-25,3.4548,4.2159,3.5193,91.16999816894533
2018-04-26,3.4827,4.2392,3.5397,91.55999755859376
2018-04-27,3.5003,4.2259,3.5306,91.54000091552734
2018-04-30,3.4868,4.2204,3.5236,91.83999633789062
2018-05-02,3.5563,4.2675,3.5731,92.51000213623048
2018-05-04,3.5754,4.2771,3.5789,92.56999969482422
2018-05-07,3.5634,4.2513,3.5509,92.75
2018-05-08,3.5884,4.2662,3.5744,93.12000274658205
2018-05-09,3.609,4.279,3.5988,93.04000091552734
2018-05-10,3.5773,4.2473,3.563,92.6500015258789
2018-05-11,3.5708,4.2569,3.5643,92.54000091552734
2018-05-14,3.5558,4.2615,3.5594,92.58999633789062
2018-05-15,3.5931,4.2823,3.5912,93.22000122070312
2018-05-16,3.6241,4.2893,3.6278,93.38999938964844
2018-05-17,3.6283,4.2868,3.6229,93.47000122070312
2018-05-18,3.6385,4.2958,3.6413,93.63999938964844
2018-05-21,3.6615,4.2991,3.6641,93.68000030517578
2018-05-22,3.6252,4.2812,3.6385,93.61000061035156
2018-05-23,3.6693,4.3037,3.7007,94.01000213623048
2018-05-24,3.659,4.2953,3.689,93.77999877929688
2018-05-25,3.6686,4.3022,3.6956,94.19000244140624
2018-05-29,3.7299,4.3056,3.7554,94.83000183105467
2018-05-30,3.72,4.3195,3.7577,94.1500015258789
2018-06-01,3.6934,4.3146,3.7442,94.19000244140624
2018-06-04,3.6665,4.2931,3.7218,94.0199966430664
2018-06-05,3.6569,4.2804,3.7087,93.88999938964844
2018-06-06,3.647,4.2829,3.7001,93.66000366210938
2018-06-07,3.6062,4.2634,3.6717,93.4000015258789
2018-06-08,3.6479,4.2912,3.7136,93.5500030517578
2018-06-11,3.6247,4.2717,3.676,93.58000183105467
2018-06-12,3.6271,4.2776,3.6862,93.8000030517578
2018-06-13,3.6461,4.282,3.6874,93.70999908447266
2018-06-14,3.6155,4.2757,3.6782,94.7699966430664
2018-06-15,3.6922,4.2802,3.7056,94.79000091552734
2018-06-18,3.7003,4.2887,3.713,94.75
2018-06-19,3.7316,4.3113,3.7462,95.08999633789062
2018-06-20,3.7352,4.3171,3.747,95.05999755859376
2018-06-21,3.7607,4.3323,3.7726,94.87000274658205
2018-06-22,3.6977,4.3149,3.7367,94.5199966430664
2018-06-25,3.7087,4.3242,3.7567,94.27999877929688
2018-06-26,3.7151,4.3372,3.7595,94.68000030517578
2018-06-27,3.7351,4.343,3.7669,95.29000091552734
2018-06-28,3.7705,4.3566,3.7764,95.38999938964844
2018-06-29,3.744,4.3616,3.7702,94.62999725341795
2018-07-02,3.7703,4.3899,3.8019,94.87000274658205
2018-07-03,3.7723,4.3978,3.7973,94.58999633789062
2018-07-05,3.7485,4.3833,3.7759,94.47000122070312
2018-07-06,3.7222,4.36,3.7507,94.04000091552734
2018-07-09,3.685,4.338,3.7334,94.08000183105467
2018-07-10,3.6973,4.3356,3.723,94.11000061035156
2018-07-11,3.7,4.3322,3.7255,94.72000122070312
2018-07-12,3.7055,4.3262,3.7159,94.80999755859376
2018-07-13,3.7244,4.3302,3.7118,94.75
2018-07-16,3.6828,4.3076,3.6816,94.51000213623048
2018-07-17,3.6619,4.2998,3.685,94.97000122070312
2018-07-18,3.7031,4.3036,3.6941,95.08000183105467
2018-07-19,3.7163,4.3155,3.7121,95.16999816894533
2018-07-20,3.717,4.3275,3.7199,94.45999908447266
2018-07-23,3.6957,4.3262,3.7271,94.66999816894533
2018-07-24,3.702,4.3256,3.723,94.61000061035156
2018-07-25,3.6793,4.3035,3.707,94.36000061035156
2018-07-26,3.6649,4.2927,3.6909,94.75
2018-07-27,3.6937,4.2945,3.705,94.68000030517578
2018-07-30,3.6684,4.2836,3.6932,94.36000061035156
2018-07-31,3.6481,4.2779,3.6928,94.48999786376952
2018-08-01,3.6603,4.2758,3.6884,94.62000274658205
2018-08-02,3.6783,4.2745,3.6988,95.16999816894533
2018-08-03,3.6926,4.2758,3.7118,95.13999938964844
2018-08-06,3.692,4.2672,3.7088,95.36000061035156
2018-08-07,3.6722,4.2554,3.6896,95.22000122070312
2018-08-08,3.6782,4.2619,3.6908,95.0999984741211
2018-08-09,3.6846,4.2715,3.7068,95.5
2018-08-10,3.7481,4.2942,3.7697,96.36000061035156
2018-08-13,3.7862,4.3094,3.8054,96.38999938964844
2018-08-14,3.7768,4.3001,3.8027,96.7300033569336
2018-08-16,3.7871,4.3105,3.8131,96.6500015258789
2018-08-17,3.7784,4.3061,3.7926,96.0999984741211
2018-08-20,3.7695,4.2997,3.7838,95.9000015258789
2018-08-21,3.7375,4.3101,3.7853,95.26000213623048
2018-08-22,3.7104,4.2937,3.7705,95.1500015258789
2018-08-23,3.7069,4.2868,3.7714,95.62000274658205
2018-08-24,3.7014,4.2801,3.7596,95.1500015258789
2018-08-27,3.682,4.2748,3.7437,94.77999877929688
2018-08-28,3.6548,4.2732,3.7404,94.72000122070312
2018-08-29,3.6747,4.2871,3.7613,94.5999984741211
2018-08-30,3.6724,4.2917,3.7871,94.72000122070312
2018-08-31,3.6808,4.2953,3.8033,95.13999938964844
2018-09-04,3.7241,4.3073,3.8287,95.41999816894533
2018-09-05,3.733,4.3183,3.8301,95.12999725341795
2018-09-06,3.7143,4.3218,3.8309,95.0199966430664
2018-09-07,3.6995,4.3079,3.8335,95.37000274658205
2018-09-10,3.7283,4.3138,3.8384,95.1500015258789
2018-09-11,3.7087,4.3077,3.8069,95.05999755859376
2018-09-12,3.7198,4.3103,3.8166,94.8000030517578
2018-09-13,3.713,4.3126,3.8264,94.54000091552734
2018-09-14,3.6817,4.3093,3.8178,94.9800033569336
2018-09-17,3.6876,4.2968,3.8199,94.51000213623048
2018-09-18,3.6817,4.303,3.8327,94.62000274658205
2018-09-19,3.6685,4.2929,3.8005,94.5500030517578
2018-09-20,3.6702,4.2912,3.7985,93.91000366210938
2018-09-21,3.6402,4.2929,3.8095,94.22000122070312
2018-09-24,3.662,4.3092,3.8177,94.26000213623048
2018-09-25,3.6511,4.2939,3.7773,94.12999725341795
2018-09-26,3.643,4.2865,3.7735,94.19000244140624
2018-09-27,3.6557,4.2814,3.7697,95.0
2018-09-28,3.6754,4.2714,3.7638,95.19000244140624
2018-10-01,3.6867,4.2795,3.7452,95.3000030517578
2018-10-02,3.7326,4.2975,3.7962,95.51000213623048
2018-10-03,3.7103,4.2949,3.765,95.76000213623048
2018-10-04,3.7512,4.309,3.7816,95.75
2018-10-05,3.7518,4.3117,3.7741,95.62000274658205
2018-10-08,3.7574,4.3112,3.7869,95.7699966430664
2018-10-09,3.7629,4.319,3.7861,95.68000030517578
2018-10-10,3.7507,4.3082,3.777,95.51000213623048
2018-10-11,3.7399,4.3179,3.7818,95.0199966430664
2018-10-12,3.713,4.3022,3.7494,95.22000122070312
2018-10-15,3.7091,4.2927,3.7502,95.06999969482422
2018-10-16,3.7036,4.2919,3.7505,95.0500030517578
2018-10-17,3.7123,4.2936,3.7456,95.58000183105467
2018-10-18,3.7302,4.2966,3.7543,95.9000015258789
2018-10-19,3.7601,4.3049,3.7746,95.70999908447266
2018-10-22,3.7273,4.2922,3.7387,96.01000213623048
2018-10-23,3.7485,4.2984,3.7667,95.95999908447266
2018-10-24,3.7698,4.3036,3.7802,96.43000030517578
2018-10-25,3.7796,4.3123,3.7875,96.68000030517578
2018-10-26,3.7899,4.3125,3.7887,96.36000061035156
2018-10-29,3.793,4.3164,3.7925,96.58000183105467
2018-10-30,3.8062,4.3258,3.7977,97.01000213623048
2018-10-31,3.8203,4.3313,3.7982,97.12999725341795
2018-11-02,3.7804,4.3244,3.7825,96.54000091552734
2018-11-05,3.7907,4.3144,3.7722,96.3499984741211
2018-11-06,3.7802,4.3115,3.7624,96.31999969482422
2018-11-07,3.7398,4.2972,3.7522,96.0
2018-11-08,3.7599,4.2951,3.7504,96.63999938964844
2018-11-09,3.7838,4.2901,3.7535,96.91000366210938
2018-11-12,3.8163,4.2962,3.7809,97.54000091552734
2018-11-13,3.8268,4.2994,3.7862,97.3000030517578
2018-11-14,3.8114,4.2954,3.7747,96.8000030517578
2018-11-15,3.8074,4.297,3.7814,96.93000030517578
2018-11-16,3.7876,4.295,3.7608,96.47000122070312
2018-11-19,3.784,4.3242,3.7947,96.19000244140624
2018-11-20,3.79,4.3314,3.8171,96.80999755859376
2018-11-21,3.7829,4.307,3.8029,96.70999908447266
2018-11-23,3.7779,4.2972,3.7949,96.91999816894533
2018-11-26,3.7701,4.2883,3.7831,97.06999969482422
2018-11-27,3.7948,4.2919,3.795,97.37000274658205
2018-11-28,3.8114,4.2994,3.8137,96.79000091552734
2018-11-29,3.7728,4.29,3.796,96.77999877929688
2018-11-30,3.7731,4.2904,3.7873,97.2699966430664
2018-12-03,3.7672,4.2818,3.7768,97.04000091552734
2018-12-04,3.7516,4.281,3.7765,96.97000122070312
2018-12-06,3.7844,4.2919,3.7955,96.80999755859376
2018-12-07,3.7694,4.2845,3.7924,96.51000213623048
2018-12-10,3.76,4.2911,3.7996,97.22000122070312
2018-12-11,3.7763,4.2982,3.8266,97.38999938964844
2018-12-12,3.7934,4.2993,3.8191,97.04000091552734
2018-12-13,3.7739,4.2937,3.8036,97.05999755859376
2018-12-14,3.8095,4.3021,3.8202,97.44000244140624
2018-12-17,3.7871,4.2906,3.8025,97.0999984741211
2018-12-18,3.7668,4.2853,3.7989,97.13999938964844
2018-12-19,3.7619,4.2846,3.7875,97.04000091552734
2018-12-20,3.7331,4.2849,3.7797,96.27999877929688
2018-12-21,3.7528,4.2889,3.7916,96.95999908447266
2018-12-24,3.7588,4.2832,3.7777,96.5500030517578
2018-12-27,3.7616,4.286,3.7938,96.4800033569336
2018-12-28,3.755,4.2969,3.8115,96.38999938964844
2018-12-31,3.7597,4.3,3.8166,96.16999816894533
2019-01-02,3.7619,4.3016,3.8242,96.81999969482422
2019-01-03,3.7827,4.303,3.8343,96.30999755859376
2019-01-04,3.772,4.3018,3.8213,96.19000244140624
2019-01-07,3.7575,4.2989,3.8245,95.70999908447266
2019-01-08,3.7559,4.3013,3.8307,95.9000015258789
2019-01-09,3.7509,4.2989,3.8282,95.22000122070312
2019-01-10,3.736,4.3055,3.8273,95.54000091552734
2019-01-11,3.7289,4.2957,3.7945,95.66999816894533
2019-01-14,3.7458,4.2936,3.8116,95.58999633789062
2019-01-15,3.7542,4.2922,3.8111,95.97000122070312
2019-01-16,3.7619,4.2929,3.8066,96.05999755859376
2019-01-17,3.7615,4.2875,3.7921,96.06999969482422
2019-01-18,3.7694,4.2964,3.7917,96.33999633789062
2019-01-22,3.7727,4.2862,3.7839,96.3000030517578
2019-01-23,3.7747,4.2867,3.7817,96.12000274658205
2019-01-24,3.7844,4.2942,3.8084,96.5999984741211
2019-01-25,3.7893,4.2935,3.8044,95.79000091552734
2019-01-28,3.7592,4.2885,3.7896,95.75
2019-01-29,3.7563,4.2974,3.7861,95.81999969482422
2019-01-30,3.7577,4.2952,3.7725,95.33999633789062
2019-01-31,3.7271,4.2802,3.7521,95.58000183105467
2019-02-01,3.7243,4.2706,3.7509,95.58000183105467
2019-02-04,3.7408,4.2813,3.7511,95.8499984741211
2019-02-05,3.7542,4.2869,3.7519,96.0999984741211
2019-02-06,3.7706,4.2936,3.768,96.41999816894533
2019-02-07,3.7919,4.3019,3.7814,96.51000213623048
2019-02-08,3.804,4.3082,3.7956,96.63999938964844
2019-02-11,3.819,4.3172,3.8082,97.05999755859376
2019-02-12,3.838,4.3268,3.8093,96.70999908447266
2019-02-13,3.8261,4.3312,3.8031,97.12999725341795
2019-02-14,3.8516,4.3394,3.8182,96.9800033569336
2019-02-15,3.8326,4.3243,3.8081,96.91999816894533
2019-02-19,3.8311,4.3303,3.8141,96.5199966430664
2019-02-20,3.8221,4.3371,3.819,96.4499969482422
2019-02-21,3.8247,4.3322,3.8171,96.61000061035156
2019-02-22,3.8242,4.3387,3.8225,96.51000213623048
2019-02-25,3.8241,4.3402,3.8267,96.41000366210938
2019-02-26,3.8124,4.3338,3.8145,96.0
2019-02-27,3.7886,4.3173,3.8003,96.1500015258789
2019-02-28,3.7853,4.312,3.8013,96.16000366210938
2019-03-01,3.792,4.3079,3.7907,96.52999877929688
2019-03-04,3.7893,4.2984,3.7856,96.68000030517578
2019-03-05,3.7977,4.3018,3.794,96.8499984741211
2019-03-06,3.8038,4.2992,3.7845,96.87000274658205
2019-03-07,3.8038,4.3019,3.7867,97.66999816894533
2019-03-08,3.8409,4.3068,3.8031,97.37000274658205
2019-03-11,3.8199,4.2983,3.7902,97.22000122070312
2019-03-12,3.8116,4.2976,3.7813,96.94000244140624
2019-03-13,3.8077,4.3006,3.7852,96.5500030517578
2019-03-14,3.8018,4.3015,3.7854,96.79000091552734
2019-03-15,3.8014,4.3037,3.7863,96.5999984741211
2019-03-18,3.7876,4.2993,3.7838,96.5199966430664
2019-03-19,3.7823,4.294,3.7828,96.37999725341795
2019-03-20,3.7767,4.2864,3.7781,95.76000213623048
2019-03-21,3.7581,4.287,3.7849,96.5
2019-03-22,3.7948,4.2894,3.8079,96.6500015258789
2019-03-25,3.7966,4.2978,3.8184,96.56999969482422
2019-03-26,3.7969,4.297,3.8245,96.73999786376952
2019-03-27,3.8113,4.2991,3.8373,96.7699966430664
2019-03-28,3.8202,4.2998,3.8376,97.1999969482422
2019-03-29,3.8365,4.3013,3.8513,97.27999877929688
2019-04-01,3.8267,4.3035,3.8495,97.25
2019-04-02,3.8403,4.3004,3.8412,97.36000061035156
2019-04-03,3.8192,4.2941,3.8328,97.08999633789062
2019-04-04,3.8215,4.2921,3.8263,97.30999755859376
2019-04-05,3.8215,4.2921,3.8222,97.4000015258789
2019-04-08,3.8188,4.2897,3.818,97.0500030517578
2019-04-09,3.8003,4.2871,3.8069,97.01000213623048
2019-04-10,3.8023,4.2852,3.7984,96.9499969482422
2019-04-11,3.7964,4.2821,3.7913,97.18000030517578
2019-04-12,3.7899,4.2847,3.7846,96.97000122070312
2019-04-15,3.7789,4.277,3.7698,96.94000244140624
2019-04-16,3.7802,4.2737,3.7612,97.04000091552734
2019-04-17,3.7778,4.275,3.7495,97.01000213623048
2019-04-18,3.8002,4.279,3.7586,97.47000122070312
2019-04-23,3.8118,4.2886,3.7427,97.56999969482422
2019-04-24,3.8229,4.2895,3.757,98.0999984741211
2019-04-25,3.8537,4.2959,3.7781,98.1999969482422
2019-04-26,3.8508,4.2906,3.7734,98.01000213623048
2019-04-29,3.8468,4.295,3.7747,97.86000061035156
2019-04-30,3.8291,4.2911,3.7607,97.4800033569336
2019-05-02,3.8177,4.2795,3.748,97.83000183105467
2019-05-06,3.8313,4.2847,3.7649,97.5199966430664
2019-05-07,3.8278,4.2858,3.7583,97.62999725341795
2019-05-08,3.8325,4.2914,3.7654,97.62000274658205
2019-05-09,3.841,4.2977,3.7741,97.37000274658205
2019-05-10,3.8242,4.2955,3.7734,97.33000183105467
2019-05-13,3.8321,4.3029,3.7949,97.31999969482422
2019-05-14,3.8323,4.3085,3.8042,97.52999877929688
2019-05-15,3.8457,4.3128,3.8244,97.56999969482422
2019-05-16,3.8259,4.2929,3.7952,97.83999633789062
2019-05-17,3.8545,4.3072,3.8196,98.0
2019-05-20,3.8543,4.2995,3.8189,97.93000030517578
2019-05-21,3.8625,4.3055,3.8235,98.05999755859376
2019-05-22,3.862,4.3098,3.8209,98.11000061035156
2019-05-23,3.8696,4.3107,3.8343,97.8499984741211
2019-05-24,3.8436,4.2989,3.8327,97.61000061035156
2019-05-28,3.8386,4.2967,3.8249,97.95999908447266
2019-05-29,3.8554,4.3007,3.8329,98.13999938964844
2019-05-30,3.8548,4.2919,3.8196,98.13999938964844
2019-05-31,3.8498,4.2916,3.8294,97.75
2019-06-03,3.8292,4.2809,3.8411,97.13999938964844
2019-06-04,3.8041,4.2788,3.8267,97.06999969482422
2019-06-05,3.7929,4.2782,3.8234,97.37000274658205
2019-06-06,3.8065,4.2783,3.8281,97.02999877929688
2019-06-07,3.7958,4.2762,3.8191,96.61000061035156
2019-06-10,3.7745,4.264,3.81,96.76000213623048
2019-06-11,3.7722,4.2675,3.8059,96.69000244140624
2019-06-12,3.763,4.265,3.7943,97.0
2019-06-13,3.7736,4.261,3.8009,97.01000213623048
2019-06-14,3.7727,4.2554,3.7905,97.56999969482422
2019-06-17,3.7989,4.2599,3.8013,97.55999755859376
2019-06-18,3.8097,4.2631,3.8099,97.63999938964844
2019-06-19,3.8104,4.2673,3.8157,97.12000274658205
2019-06-21,3.7705,4.2622,3.8381,96.22000122070312
2019-06-24,3.736,4.2538,3.8259,95.9800033569336
2019-06-25,3.7376,4.2554,3.8308,96.16000366210938
2019-06-26,3.754,4.2642,3.8477,96.20999908447266
2019-06-27,3.7426,4.2561,3.8238,96.19000244140624
2019-06-28,3.7336,4.252,3.8322,96.12999725341795
2019-07-01,3.743,4.2406,3.8034,96.83999633789062
2019-07-02,3.7593,4.2457,3.8056,96.7300033569336
2019-07-03,3.7596,4.2442,3.8152,96.7699966430664
2019-07-05,3.7689,4.2445,3.8165,97.25
2019-07-08,3.7857,4.2519,3.8194,97.37999725341795
2019-07-09,3.8074,4.2637,3.8282,97.48999786376952
2019-07-10,3.8066,4.2729,3.841,97.0999984741211
2019-07-11,3.7859,4.2682,3.8406,97.0500030517578
2019-07-12,3.7889,4.2669,3.8397,96.80999755859376
2019-07-15,3.7856,4.2673,3.8512,96.93000030517578
2019-07-16,3.7867,4.2582,3.8475,97.4000015258789
2019-07-17,3.8038,4.2644,3.8434,97.22000122070312
2019-07-18,3.7933,4.2635,3.8505,96.79000091552734
2019-07-19,3.7855,4.2592,3.848,97.1500015258789
2019-07-22,3.7869,4.248,3.8571,97.26000213623048
2019-07-23,3.7997,4.2492,3.8589,97.70999908447266
2019-07-24,3.8229,4.2581,3.8775,97.7300033569336
2019-07-25,3.8199,4.2514,3.8735,97.81999969482422
2019-07-26,3.8296,4.2645,3.8612,98.01000213623048
2019-07-29,3.8453,4.2773,3.8774,98.04000091552734
2019-07-30,3.8493,4.2906,3.8859,98.0500030517578
2019-07-31,3.8504,4.2911,3.8856,98.5199966430664
2019-08-01,3.886,4.2931,3.9058,98.38999938964844
2019-08-02,3.8829,4.3085,3.9363,98.0999984741211
2019-08-05,3.8739,4.3182,3.9724,97.5
2019-08-06,3.8482,4.3096,3.9489,97.62999725341795
2019-08-07,3.8597,4.3194,3.9474,97.54000091552734
2019-08-08,3.8538,4.322,3.953,97.62000274658205
2019-08-09,3.8613,4.3225,3.9632,97.48999786376952
2019-08-12,3.8711,4.3262,3.9746,97.37999725341795
2019-08-13,3.8714,4.3327,3.9857,97.80999755859376
2019-08-14,3.889,4.3463,3.9924,97.98999786376952
2019-08-16,3.9281,4.3543,4.0093,98.13999938964844
2019-08-19,3.9199,4.3519,4.0071,98.3499984741211
2019-08-20,3.9408,4.3656,4.0227,98.19000244140624
2019-08-21,3.921,4.3513,4.0014,98.3000030517578
2019-08-22,3.9337,4.366,4.005,98.16999816894533
2019-08-23,3.9371,4.3572,3.9876,97.63999938964844
2019-08-26,3.9335,4.3719,4.0188,98.08000183105467
2019-08-27,3.9309,4.3684,4.0101,98.0
2019-08-28,3.9548,4.3857,4.0293,98.20999908447266
2019-08-29,3.9586,4.3845,4.0252,98.51000213623048
2019-08-30,3.9717,4.3844,4.0174,98.91999816894533
2019-09-03,3.9882,4.3667,4.0244,98.9499969482422
2019-09-04,3.9414,4.3385,3.9966,98.4499969482422
2019-09-05,3.933,4.3409,4.0021,98.41000366210938
2019-09-06,3.9315,4.3392,3.9753,98.38999938964844
2019-09-09,3.931,4.3373,3.9688,98.27999877929688
2019-09-10,3.9273,4.335,3.962,98.33000183105467
2019-09-11,3.9324,4.3357,3.9572,98.6500015258789
2019-09-12,3.9362,4.34,3.9738,98.30999755859376
2019-09-13,3.912,4.3396,3.9608,98.26000213623048
2019-09-16,3.9116,4.3262,3.95,98.6500015258789
2019-09-17,3.9412,4.341,3.9649,98.26000213623048
2019-09-18,3.9322,4.3419,3.9499,98.5999984741211
2019-09-19,3.9267,4.3425,3.9612,98.2699966430664
2019-09-20,3.9319,4.3438,3.9668,98.51000213623048
2019-09-23,3.9983,4.3891,4.0399,98.5999984741211
2019-09-24,3.9838,4.3796,4.0219,98.33999633789062
2019-09-25,3.9856,4.3844,4.0437,99.04000091552734
2019-09-26,4.0092,4.3861,4.0352,99.20999908447266
2019-09-27,4.0154,4.3866,4.0439,99.11000061035156
2019-09-30,4.0,4.3736,4.0278,99.37999725341795
2019-10-01,4.0147,4.3734,4.0116,99.12999725341795
2019-10-02,4.0152,4.3788,4.0167,99.04000091552734
2019-10-03,3.9652,4.3475,3.9694,98.86000061035156
2019-10-04,3.9469,4.3311,3.9588,98.80999755859376
2019-10-07,3.9498,4.3304,3.9727,98.98999786376952
2019-10-08,3.9405,4.331,3.9714,99.13999938964844
2019-10-09,3.9382,4.3257,3.9643,99.12000274658205
2019-10-10,3.9226,4.3217,3.9538,98.70999908447266
2019-10-11,3.9145,4.3097,3.9192,98.3000030517578
2019-10-14,3.8958,4.2969,3.9104,98.4499969482422
2019-10-15,3.8952,4.2949,3.9,98.29000091552734
2019-10-16,3.8934,4.297,3.9041,98.01000213623048
2019-10-17,3.8638,4.2849,3.8902,97.61000061035156
2019-10-18,3.8503,4.2844,3.8969,97.27999877929688
2019-10-21,3.8307,4.2775,3.8899,97.33000183105467
2019-10-22,3.8408,4.2792,3.8851,97.52999877929688
2019-10-23,3.8473,4.2778,3.8887,97.47000122070312
2019-10-24,3.8448,4.28,3.8816,97.62999725341795
2019-10-25,3.8452,4.2762,3.8799,97.83000183105467
2019-10-28,3.8529,4.2732,3.8701,97.76000213623048
2019-10-29,3.8598,4.2757,3.8763,97.69000244140624
2019-10-30,3.8388,4.2655,3.8693,97.6500015258789
2019-10-31,3.8174,4.2617,3.8681,97.3499984741211
2019-11-04,3.8099,4.2539,3.8567,97.51000213623048
2019-11-05,3.8308,4.2631,3.8669,97.9800033569336
2019-11-06,3.8497,4.2697,3.8778,97.9499969482422
2019-11-07,3.8502,4.2653,3.8767,98.13999938964844
2019-11-08,3.8625,4.2638,3.8797,98.3499984741211
2019-11-12,3.878,4.2788,3.8992,98.30999755859376
2019-11-13,3.8902,4.285,3.9299,98.37000274658205
2019-11-14,3.9011,4.2916,3.9501,98.16000366210938
2019-11-15,3.8848,4.2807,3.9206,98.0
2019-11-18,3.8767,4.2884,3.9133,97.79000091552734
2019-11-19,3.8786,4.2928,3.9113,97.86000061035156
2019-11-20,3.8792,4.2917,3.9126,97.93000030517578
2019-11-21,3.8737,4.2948,3.9113,97.98999786376952
2019-11-22,3.8853,4.2975,3.9102,98.2699966430664
2019-11-25,3.9036,4.299,3.913,98.31999969482422
2019-11-26,3.9039,4.2999,3.9131,98.25
2019-11-27,3.9154,4.3107,3.924,98.41000366210938
2019-11-29,3.9288,4.3236,3.93,98.2699966430664
2019-12-02,3.9047,4.3008,3.9047,97.86000061035156
2019-12-03,3.8706,4.29,3.9126,97.73999786376952
2019-12-04,3.8647,4.2792,3.9081,97.6500015258789
2019-12-05,3.8566,4.2777,3.8989,97.41000366210938
2019-12-06,3.85,4.2721,3.8963,97.6999969482422
2019-12-09,3.8704,4.283,3.9087,97.63999938964844
2019-12-10,3.8711,4.288,3.9251,97.41000366210938
2019-12-11,3.866,4.2851,3.9257,97.16000366210938
2019-12-12,3.8505,4.2846,3.9181,97.4000015258789
2019-12-13,3.8234,4.2747,3.8919,97.16999816894533
2019-12-16,3.8311,4.2659,3.8953,97.06999969482422
2019-12-17,3.8211,4.2605,3.885,97.20999908447266
2019-12-18,3.8302,4.2644,3.9069,97.41000366210938
2019-12-19,3.8281,4.2632,3.9017,97.41999816894533
2019-12-20,3.8311,4.2604,3.9095,97.70999908447266
2019-12-23,3.8394,4.2554,3.9164,97.66000366210938
2019-12-24,3.8487,4.2624,3.9164,97.6500015258789
2019-12-27,3.8266,4.2624,3.9196,96.91999816894533
2019-12-30,3.8027,4.2588,3.9091,96.73999786376952
2019-12-31,3.7977,4.2585,3.9213,96.38999938964844
2020-01-02,3.8,4.2571,3.9191,96.8499984741211
2020-01-03,3.8213,4.2569,3.9254,96.83999633789062
2020-01-07,3.7861,4.2347,3.8992,96.9800033569336
2020-01-08,3.8123,4.2465,3.9245,97.3000030517578
2020-01-09,3.8251,4.2459,3.9265,97.4499969482422
2020-01-10,3.8272,4.2467,3.9265,97.36000061035156
2020-01-13,3.8101,4.2353,3.917,97.3499984741211
2020-01-14,3.8019,4.2323,3.9208,97.37000274658205
2020-01-15,3.7992,4.2279,3.9317,97.2300033569336
2020-01-16,3.7968,4.2348,3.9421,97.31999969482422
2020-01-17,3.8053,4.2344,3.941,97.61000061035156
2020-01-21,3.8284,4.2459,3.9532,97.52999877929688
2020-01-22,3.8202,4.237,3.9328,97.52999877929688
2020-01-23,3.8308,4.2463,3.9535,97.69000244140624
2020-01-24,3.8475,4.2461,3.9629,97.8499984741211
2020-01-27,3.8725,4.2679,3.9915,97.95999908447266
2020-01-28,3.8844,4.2794,4.0094,98.0199966430664
2020-01-29,3.8871,4.2766,3.9873,97.98999786376952
2020-01-30,3.8856,4.2813,4.0027,97.87000274658205
2020-01-31,3.8999,4.301,4.0194,97.38999938964844
2020-02-03,3.8864,4.3034,4.0311,97.8000030517578
2020-02-04,3.8773,4.2867,4.0031,97.95999908447266
2020-02-05,3.8654,4.262,3.9744,98.2699966430664
2020-02-06,3.8672,4.2535,3.968,98.5
2020-02-07,3.8947,4.2664,3.9908,98.68000030517578
2020-02-10,3.8996,4.2699,3.9889,98.83000183105467
2020-02-11,3.9041,4.2609,3.9947,98.72000122070312
2020-02-12,3.901,4.2599,4.002,99.0500030517578
2020-02-13,3.9104,4.2557,4.005,99.06999969482422
2020-02-14,3.9098,4.2402,3.9853,99.12000274658205
2020-02-18,3.9448,4.2714,4.0218,99.45999908447266
2020-02-19,3.9556,4.2732,4.0213,99.5999984741211
2020-02-20,3.9621,4.2789,4.0308,99.87000274658205
2020-02-21,3.9623,4.2831,4.0367,99.26000213623048
2020-02-24,3.9772,4.3017,4.0542,99.29000091552734
2020-02-25,3.9624,4.2996,4.0537,98.97000122070312
2020-02-26,3.9573,4.3093,4.0617,99.0
2020-02-27,3.9413,4.31,4.0548,98.44000244140624
2020-02-28,3.9255,4.3355,4.0734,98.12999725341795
2020-03-02,3.9023,4.3237,4.0566,97.36000061035156
2020-03-03,3.8804,4.3173,4.0532,97.1500015258789
2020-03-04,3.8536,4.2993,4.0382,97.33999633789062
2020-03-05,3.8479,4.2994,4.0391,96.81999969482422
2020-03-06,3.8231,4.3178,4.0721,95.9499969482422
2020-03-09,3.7899,4.3176,4.0799,94.9000015258789
2020-03-10,3.8058,4.32,4.0787,96.41000366210938
2020-03-11,3.8186,4.3167,4.0737,96.51000213623048
2020-03-12,3.8642,4.3451,4.119,97.47000122070312
2020-03-13,3.9067,4.3618,4.1307,98.75
2020-03-16,3.9231,4.3911,4.1624,98.08999633789062
2020-03-17,4.046,4.4886,4.2467,99.58000183105467
2020-03-18,4.0749,4.4806,4.2474,101.16000366210938
2020-03-19,4.2421,4.5917,4.3536,102.76000213623048
2020-03-20,4.24,4.5459,4.3124,102.81999969482422
2020-03-23,4.2654,4.5571,4.3214,102.48999786376952
2020-03-24,4.2421,4.6044,4.3563,101.73999786376952
2020-03-25,4.222,4.5779,4.3137,101.0500030517578
2020-03-26,4.1988,4.5962,4.3197,99.41999816894533
2020-03-27,4.1127,4.5246,4.2675,98.37000274658205
2020-03-30,4.0933,4.5395,4.284,99.18000030517578
2020-03-31,4.1466,4.5523,4.3001,99.0500030517578
2020-04-01,4.1701,4.5694,4.3236,99.66999816894533
2020-04-02,4.1917,4.5769,4.3319,100.18000030517578
2020-04-03,4.2396,4.5792,4.3403,100.58000183105467
2020-04-06,4.2257,4.5612,4.3199,100.69000244140624
2020-04-07,4.1717,4.5342,4.2883,99.9800033569336
2020-04-08,4.1801,4.5362,4.2987,100.12000274658205
2020-04-09,4.1744,4.537,4.2986,99.5199966430664
2020-04-14,4.1666,4.5512,4.317,98.88999938964844
2020-04-15,4.1519,4.5389,4.3066,99.45999908447266
2020-04-16,4.1631,4.5326,4.3088,100.02999877929688
2020-04-17,4.1886,4.5367,4.3143,99.77999877929688
2020-04-20,4.1525,4.5175,4.2952,99.95999908447266
2020-04-21,4.1779,4.5276,4.3065,100.26000213623048
2020-04-22,4.1736,4.5329,4.307,100.38999938964844
2020-04-23,4.2093,4.5444,4.3229,100.43000030517578
2020-04-24,4.2142,4.533,4.3116,100.37999725341795
2020-04-27,4.1696,4.524,4.2892,100.04000091552734
2020-04-28,4.184,4.5399,4.2843,99.87000274658205
2020-04-29,4.1807,4.5432,4.3013,99.56999969482422
2020-04-30,4.1729,4.5424,4.2989,99.0199966430664
2020-05-04,4.1646,4.5582,4.3216,99.4800033569336
2020-05-05,4.1927,4.5476,4.3206,99.70999908447266
2020-05-06,4.2022,4.539,4.3112,100.08999633789062
2020-05-07,4.2162,4.5505,4.3204,99.88999938964844
2020-05-08,4.2065,4.5577,4.3293,99.7300033569336
2020-05-11,4.2126,4.5572,4.3301,100.23999786376952
2020-05-12,4.2095,4.5549,4.3316,99.93000030517578
2020-05-13,4.2111,4.5661,4.3402,100.23999786376952
2020-05-14,4.2269,4.5693,4.3445,100.47000122070312
2020-05-15,4.2135,4.5552,4.3294,100.4000015258789
2020-05-18,4.2224,4.5644,4.3419,99.66999816894533
2020-05-19,4.1645,4.561,4.2871,99.37000274658205
2020-05-20,4.1619,4.554,4.3013,99.12000274658205
2020-05-21,4.1346,4.5365,4.2787,99.37000274658205
2020-05-22,4.1503,4.5234,4.2688,99.86000061035156
2020-05-26,4.0885,4.48,4.2226,98.91000366210938
2020-05-27,4.0504,4.4378,4.1707,99.05999755859376
2020-05-28,4.0244,4.4264,4.1494,98.37999725341795
2020-05-29,4.0031,4.4503,4.1621,98.33999633789062
2020-06-01,3.968,4.4202,4.1401,97.83000183105467
2020-06-02,3.9303,4.3902,4.1024,97.66999816894533
2020-06-03,3.9121,4.3859,4.0635,97.27999877929688
2020-06-04,3.9573,4.4347,4.119,96.68000030517578
2020-06-05,3.9217,4.4443,4.0948,96.94000244140624
2020-06-08,3.9197,4.4291,4.0729,96.62000274658205
2020-06-09,3.9453,4.4436,4.1303,96.31999969482422
2020-06-10,3.918,4.4544,4.1419,95.95999908447266
2020-06-12,3.9299,4.4506,4.1538,97.31999969482422
2020-06-15,3.9413,4.4403,4.1454,96.68000030517578
2020-06-16,3.9058,4.4278,4.1187,96.95999908447266
2020-06-17,3.9532,4.4503,4.1586,97.16000366210938
2020-06-18,3.9589,4.4534,4.1685,97.41999816894533
2020-06-19,3.9741,4.4573,4.1811,97.62000274658205
2020-06-22,3.9667,4.4524,4.1769,97.04000091552734
2020-06-23,3.9311,4.4386,4.1616,96.69000244140624
2020-06-24,3.9395,4.4532,4.1702,97.1500015258789
2020-06-25,3.9623,4.4495,4.1754,97.43000030517578
2020-06-26,3.9697,4.4616,4.1919,97.5
2020-06-29,3.9656,4.4631,4.1893,97.54000091552734
2020-06-30,3.9806,4.466,4.1818,97.38999938964844
2020-07-01,3.9591,4.4465,4.1804,97.1999969482422
2020-07-02,3.9528,4.4659,4.192,97.31999969482422
2020-07-06,3.9588,4.4697,4.202,96.79000091552734
2020-07-07,3.9689,4.471,4.2027,96.87999725341795
2020-07-08,3.9666,4.4739,4.2121,96.43000030517578
2020-07-09,3.9486,4.4738,4.2081,96.6999969482422
2020-07-10,3.9646,4.4745,4.2099,96.6500015258789
2020-07-13,3.9564,4.4745,4.2006,96.45999908447266
2020-07-14,3.957,4.4916,4.2117,96.26000213623048
2020-07-15,3.9117,4.4738,4.1677,96.08000183105467
2020-07-16,3.9422,4.4913,4.1719,96.3499984741211
2020-07-17,3.9263,4.4827,4.1647,95.94000244140624
2020-07-20,3.8997,4.4683,4.1513,95.83000183105467
2020-07-21,3.8812,4.4417,4.1355,95.12000274658205
2020-07-22,3.8534,4.4401,4.1248,94.97000122070312
2020-07-23,3.806,4.4108,4.1014,94.69000244140624
2020-07-24,3.8029,4.4117,4.1089,94.44000244140624
2020-07-27,3.7643,4.4023,4.0893,93.66999816894533
2020-07-28,3.7532,4.3987,4.0787,93.76000213623048
2020-07-29,3.761,4.4194,4.1078,93.26000213623048
2020-07-30,3.7549,4.409,4.1058,93.0199966430664
2020-07-31,3.7166,4.4072,4.0946,93.48999786376952
2020-08-03,3.7499,4.4168,4.0887,93.5
2020-08-04,3.7364,4.406,4.0806,93.37999725341795
2020-08-05,3.7143,4.3979,4.081,92.83000183105467
2020-08-06,3.724,4.4101,4.0996,92.79000091552734
2020-08-07,3.7302,4.4139,4.0856,93.44000244140624
2020-08-10,3.7393,4.4023,4.0843,93.58000183105467
2020-08-11,3.739,4.4016,4.0896,93.62999725341795
2020-08-12,3.7558,4.4123,4.1005,93.44000244140624
2020-08-13,3.7176,4.4011,4.0887,93.33999633789062
2020-08-14,3.7227,4.3988,4.0906,93.0999984741211
2020-08-17,3.7076,4.3892,4.0828,92.8499984741211
2020-08-18,3.6895,4.3953,4.0773,92.2699966430664
2020-08-19,3.6732,4.3864,4.0707,92.88999938964844
2020-08-20,3.7164,4.3991,4.0734,92.79000091552734
2020-08-21,3.7164,4.3902,4.0814,93.25
2020-08-24,3.7273,4.4064,4.0959,93.3000030517578
2020-08-25,3.7144,4.3915,4.0842,93.0199966430664
2020-08-26,3.7269,4.4032,4.0947,93.01000213623048
2020-08-27,3.7286,4.4124,4.1078,93.01000213623048
2020-08-28,3.6983,4.4043,4.0945,92.37000274658205
2020-08-31,3.6924,4.3969,4.0884,92.13999938964844
2020-09-01,3.6707,4.3946,4.0659,92.33999633789062
2020-09-02,3.7191,4.4097,4.0742,92.8499984741211
2020-09-03,3.7337,4.4181,4.0975,92.73999786376952
2020-09-04,3.7533,4.4508,4.1259,92.72000122070312
2020-09-08,3.7652,4.4461,4.1027,93.4800033569336
2020-09-09,3.7871,4.455,4.1256,93.26000213623048
2020-09-10,3.761,4.4504,4.1389,93.33999633789062
2020-09-11,3.7534,4.4504,4.1309,93.33000183105467
2020-09-14,3.7522,4.449,4.1334,93.06999969482422
2020-09-15,3.7445,4.4492,4.1321,93.0500030517578
2020-09-16,3.7526,4.4528,4.1373,93.20999908447266
2020-09-17,3.7713,4.4514,4.141,92.97000122070312
2020-09-18,3.7585,4.4574,4.1378,92.93000030517578
2020-09-21,3.7963,4.48,4.156,93.54000091552734
2020-09-22,3.8359,4.5055,4.1902,93.98999786376952
2020-09-23,3.8399,4.4946,4.174,94.38999938964844
2020-09-24,3.8833,4.5272,4.1998,94.3499984741211
2020-09-25,3.9016,4.5477,4.2095,94.58000183105467
2020-09-28,3.9083,4.5497,4.216,94.26000213623048
2020-09-29,3.9228,4.5834,4.25,93.88999938964844
2020-09-30,3.8658,4.5268,4.1878,93.88999938964844
2020-10-01,3.8513,4.5153,4.1884,93.70999908447266
2020-10-02,3.8366,4.494,4.1648,93.83999633789062
2020-10-05,3.8252,4.4944,4.1737,93.51000213623048
2020-10-06,3.818,4.4961,4.1729,93.83000183105467
2020-10-07,3.8126,4.4832,4.1555,93.62999725341795
2020-10-08,3.8175,4.49,4.1603,93.61000061035156
2020-10-09,3.7913,4.4745,4.1536,93.05999755859376
2020-10-12,3.7927,4.4798,4.164,93.06999969482422
2020-10-13,3.7932,4.4737,4.1664,93.52999877929688
2020-10-14,3.8301,4.4963,4.1883,93.37999725341795
2020-10-15,3.8904,4.5545,4.25,93.86000061035156
2020-10-16,3.8976,4.5621,4.2571,93.68000030517578
2020-10-19,3.8761,4.5498,4.2448,93.43000030517578
2020-10-20,3.8926,4.5865,4.281,93.06999969482422
2020-10-21,3.8706,4.5869,4.2802,92.61000061035156
2020-10-22,3.8734,4.5877,4.2714,92.9499969482422
2020-10-23,3.8665,4.5772,4.2732,92.7699966430664
2020-10-26,3.8759,4.5774,4.2734,93.0500030517578
2020-10-27,3.886,4.589,4.2742,92.94000244140624
2020-10-28,3.9313,4.6189,4.3113,93.41000366210938
2020-10-29,3.9505,4.633,4.3329,93.95999908447266
2020-10-30,3.9563,4.6188,4.3197,94.04000091552734
2020-11-02,3.9557,4.6048,4.3124,94.0500030517578
2020-11-03,3.9069,4.5699,4.2675,93.5500030517578
2020-11-04,3.8996,4.5532,4.2595,93.41000366210938
2020-11-05,3.8353,4.5233,4.2248,92.52999877929688
2020-11-06,3.8194,4.5277,4.2368,92.2300033569336
2020-11-09,3.7787,4.487,4.1976,92.7300033569336
2020-11-10,3.8168,4.5063,4.1669,92.75
2020-11-12,3.7995,4.4868,4.1573,92.95999908447266
2020-11-13,3.8015,4.496,4.1605,92.76000213623048
2020-11-16,3.7782,4.4753,4.1463,92.56999969482422
2020-11-17,3.7877,4.4953,4.1594,92.41999816894533
2020-11-18,3.7621,4.4729,4.1356,92.31999969482422
2020-11-19,3.7872,4.4799,4.1448,92.29000091552734
2020-11-20,3.7677,4.4679,4.1356,92.38999938964844
2020-11-23,3.7616,4.468,4.1307,92.51000213623048
2020-11-24,3.7625,4.4714,4.1297,92.2300033569336
2020-11-25,3.7556,4.471,4.1171,91.98999786376952
2020-11-27,3.7614,4.4843,4.1477,91.79000091552734
2020-11-30,3.7364,4.4779,4.1364,91.87000274658205
2020-12-01,3.7367,4.4769,4.1226,91.30999755859376
2020-12-02,3.7038,4.4642,4.1112,91.12000274658205
2020-12-03,3.6981,4.4789,4.1362,90.70999908447266
2020-12-04,3.6765,4.4732,4.1241,90.6999969482422
2020-12-07,3.7001,4.4745,4.1417,90.79000091552734
2020-12-08,3.6914,4.4767,4.1503,90.97000122070312
2020-12-09,3.6657,4.4449,4.1273,91.08999633789062
2020-12-10,3.6574,4.4276,4.1139,90.79000091552734
2020-12-11,3.663,4.4385,4.1286,90.9800033569336
2020-12-14,3.6548,4.4432,4.1273,90.70999908447266
2020-12-15,3.6554,4.4441,4.1254,90.47000122070312
2020-12-16,3.6334,4.4347,4.1144,90.4499969482422
2020-12-17,3.6254,4.4348,4.1084,89.81999969482422
2020-12-18,3.6322,4.4493,4.1043,90.0199966430664
2020-12-21,3.7082,4.5149,4.1729,90.04000091552734
2020-12-22,3.6921,4.5069,4.1625,90.6500015258789
2020-12-23,3.6919,4.5019,4.1517,90.41000366210938
2020-12-24,3.6981,4.5084,4.1604,90.33000183105467
2020-12-28,3.6639,4.4879,4.1223,90.33999633789062
2020-12-29,3.6778,4.5051,4.1531,90.01000213623047
2020-12-30,3.6901,4.5272,4.1708,89.62999725341797
2020-12-31,3.7584,4.6148,4.2641,89.94000244140625
2021-01-04,3.6998,4.5485,4.2055,89.87999725341797
2021-01-05,3.7031,4.5446,4.2078,89.44000244140625
2021-01-07,3.6656,4.4973,4.1505,89.83000183105469
2021-01-08,3.6919,4.5189,4.1674,90.0999984741211
2021-01-11,3.7271,4.5325,4.1896,90.54000091552734
2021-01-12,3.7188,4.5228,4.1787,90.05000305175781
2021-01-13,3.7142,4.5272,4.1855,90.31999969482422
2021-01-14,3.7323,4.5407,4.2065,90.23999786376952
2021-01-15,3.7466,4.548,4.2219,90.77999877929688
2021-01-19,3.7416,4.5342,4.213,90.5
2021-01-20,3.7303,4.5237,4.1974,90.47000122070312
2021-01-21,3.7312,4.531,4.2053,90.12999725341795
2021-01-22,3.7255,4.5354,4.2102,90.23999786376952
2021-01-25,3.7402,4.5436,4.216,90.38999938964844
2021-01-26,3.7512,4.5497,4.2183,90.16999816894533
2021-01-27,3.7507,4.5468,4.2215,90.6500015258789
2021-01-28,3.7566,4.5479,4.2218,90.45999908447266
2021-01-29,3.746,4.5385,4.2115,90.58000183105467
2021-02-01,3.7323,4.5137,4.171,91.0199966430664
2021-02-02,3.7311,4.5025,4.1634,91.1999969482422
2021-02-03,3.7352,4.4906,4.1555,91.12000274658205
2021-02-04,3.7509,4.4958,4.1572,91.52999877929688
2021-02-05,3.7554,4.4978,4.159,91.04000091552734
2021-02-08,3.7301,4.4867,4.1396,90.93000030517578
2021-02-09,3.6972,4.4773,4.1378,90.44000244140624
2021-02-10,3.6973,4.4809,4.1469,90.37000274658205
2021-02-11,3.7117,4.5023,4.1698,90.41999816894533
2021-02-12,3.7186,4.5029,4.1676,90.4800033569336
2021-02-16,3.694,4.4891,4.1568,90.51000213623048
2021-02-17,3.7287,4.4998,4.1667,90.9499969482422
2021-02-18,3.7152,4.4857,4.1436,90.58999633789062
2021-02-19,3.6997,4.4892,4.1377,90.36000061035156
2021-02-22,3.7135,4.4963,4.1288,90.01000213623047
2021-02-23,3.7117,4.5093,4.1258,90.16999816894533
2021-02-24,3.7145,4.5176,4.0959,90.18000030517578
2021-02-25,3.6943,4.5143,4.077,90.12999725341795
2021-02-26,3.7247,4.5175,4.1205,90.93000030517578
2021-03-01,3.7572,4.5231,4.1211,91.04000091552734
2021-03-02,3.7765,4.5345,4.112,90.79000091552734
2021-03-03,3.7509,4.5393,4.0981,90.9499969482422
2021-03-04,3.7851,4.554,4.1003,91.62999725341795
2021-03-05,3.8393,4.5793,4.1313,91.9800033569336
2021-03-08,3.8665,4.5903,4.1416,92.30999755859376
2021-03-09,3.8507,4.5844,4.1266,91.95999908447266
2021-03-10,3.842,4.5718,4.1334,91.79000091552734
2021-03-11,3.8287,4.5805,4.1387,91.41999816894533
2021-03-12,3.8521,4.5909,4.1373,91.68000030517578
2021-03-15,3.8429,4.5836,4.1355,91.83000183105467
2021-03-16,3.8519,4.5949,4.1521,91.87000274658205
2021-03-17,3.8676,4.6065,4.1754,91.4000015258789
2021-03-18,3.8705,4.6224,4.1837,91.8499984741211
2021-03-19,3.8865,4.6226,4.182,91.91999816894533
2021-03-22,3.8768,4.6138,4.1828,91.8000030517578
2021-03-23,3.8746,4.6073,4.1704,92.33999633789062
2021-03-24,3.9098,4.6273,4.1825,92.52999877929688
2021-03-25,3.9253,4.6358,4.1943,92.87999725341795
2021-03-26,3.9307,4.6353,4.1814,92.7699966430664
2021-03-29,3.957,4.656,4.2164,92.94000244140624
2021-03-30,3.9604,4.6519,4.204,93.3000030517578
2021-03-31,3.9676,4.6603,4.2119,93.2300033569336
2021-04-01,3.9428,4.6239,4.1644,92.93000030517578
2021-04-06,3.8973,4.6041,4.1553,92.33999633789062
2021-04-07,3.8611,4.5897,4.1547,92.45999908447266
2021-04-08,3.8365,4.5581,4.1353,92.05999755859376
2021-04-09,3.8208,4.5414,4.1265,92.16000366210938
2021-04-12,3.8144,4.533,4.1222,92.13999938964844
2021-04-13,3.8342,4.5627,4.1473,91.8499984741211
2021-04-14,3.8065,4.5552,4.1413,91.69000244140624
2021-04-15,3.8014,4.5546,4.1198,91.66999816894533
2021-04-16,3.7978,4.5481,4.1279,91.55999755859376
2021-04-19,3.7816,4.5474,4.1348,91.06999969482422
2021-04-20,3.7737,4.5541,4.1257,91.23999786376952
2021-04-21,3.795,4.5567,4.1325,91.16000366210938
2021-04-22,3.7885,4.5562,4.1354,91.33000183105467
2021-04-23,3.7855,4.5649,4.1354,90.86000061035156
2021-04-26,3.7657,4.5565,4.1189,90.80999755859376
2021-04-27,3.7826,4.5613,4.1258,90.91000366210938
2021-04-28,3.7939,4.5811,4.1415,90.61000061035156
2021-04-29,3.7786,4.5782,4.1509,90.61000061035156
2021-04-30,3.7746,4.5654,4.1502,91.27999877929688
2021-05-04,3.794,4.5539,4.145,91.29000091552734
2021-05-05,3.8136,4.5752,4.1655,91.30999755859376
2021-05-06,3.8066,4.5829,4.1809,90.9499969482422
2021-05-07,3.7861,4.5764,4.1723,90.2300033569336
2021-05-10,3.7493,4.5631,4.1651,90.20999908447266
2021-05-11,3.7514,4.5628,4.1592,90.13999938964844
2021-05-12,3.7456,4.5453,4.1413,90.70999908447266
2021-05-13,3.7675,4.5447,4.1472,90.75
2021-05-14,3.7374,4.5316,4.1413,90.31999969482422
2021-05-17,3.7288,4.5298,4.1347,90.22000122070312
2021-05-18,3.705,4.5272,4.1301,89.75
2021-05-19,3.7087,4.5306,4.1193,90.19000244140624
2021-05-20,3.7077,4.5189,4.1113,89.80999755859375
2021-05-21,3.6778,4.4958,4.0999,90.0199966430664
2021-05-24,3.6795,4.4877,4.0935,89.83000183105469
2021-05-25,3.6549,4.4806,4.0902,89.63999938964844
2021-05-26,3.6691,4.4914,4.0993,90.04000091552734
2021-05-27,3.6929,4.498,4.1087,89.97000122070312
2021-05-28,3.6766,4.4845,4.0941,90.02999877929688
2021-06-01,3.659,4.4749,4.0709,89.83000183105469
2021-06-02,3.6659,4.4654,4.0707,89.9000015258789
2021-06-04,3.6931,4.4734,4.0838,90.13999938964844
2021-06-07,3.6656,4.4581,4.0756,89.94999694824219
2021-06-08,3.669,4.4674,4.0901,90.08000183105467
2021-06-09,3.6545,4.4541,4.0775,90.12000274658205
2021-06-10,3.6821,4.48,4.1084,90.08000183105467
2021-06-11,3.6759,4.4723,4.1043,90.55999755859376
2021-06-14,3.7185,4.5027,4.136,90.5199966430664
2021-06-15,3.7349,4.5306,4.1601,90.54000091552734
2021-06-16,3.7336,4.5285,4.1567,91.12999725341795
2021-06-17,3.7931,4.5309,4.1505,91.88999938964844
2021-06-18,3.8198,4.5503,4.158,92.2300033569336
2021-06-21,3.8214,4.5442,4.1486,91.86000061035156
2021-06-22,3.8132,4.5366,4.1451,91.7300033569336
2021-06-23,3.7878,4.52,4.1231,91.8000030517578
2021-06-24,3.7986,4.5302,4.1296,91.81999969482422
2021-06-25,3.7749,4.5085,4.1175,91.80999755859376
2021-06-28,3.7762,4.5092,4.1139,91.87999725341795
2021-06-29,3.7914,4.5123,4.1161,92.0500030517578
2021-06-30,3.8035,4.5208,4.1212,92.44000244140624
2021-07-01,3.8149,4.5187,4.1167,92.5999984741211
2021-07-02,3.8263,4.5257,4.1317,92.2300033569336
2021-07-06,3.8021,4.5036,4.1172,92.5500030517578
2021-07-07,3.8225,4.5197,4.1402,92.63999938964844
2021-07-08,3.8408,4.5414,4.1858,92.36000061035156
2021-07-09,3.8427,4.5467,4.1965,92.12999725341795
2021-07-12,3.8378,4.5559,4.1965,92.2300033569336
2021-07-13,3.8533,4.5662,4.2087,92.75
2021-07-14,3.8955,4.5904,4.2384,92.41000366210938
2021-07-15,3.8629,4.5777,4.2349,92.62000274658205
2021-07-16,3.8808,4.5865,4.2219,92.69000244140624
2021-07-19,3.8968,4.5877,4.2297,92.88999938964844
2021-07-20,3.9012,4.5983,4.2477,92.97000122070312
2021-07-21,3.9035,4.5983,4.2379,92.75
2021-07-22,3.8801,4.5773,4.2279,92.81999969482422
2021-07-23,3.8851,4.5747,4.2208,92.91000366210938
2021-07-26,3.8915,4.5858,4.2381,92.6500015258789
2021-07-27,3.9017,4.5954,4.254,92.43000030517578
2021-07-28,3.8849,4.5955,4.2533,92.31999969482422
2021-07-29,3.8617,4.5866,4.2526,91.86000061035156
2021-07-30,3.841,4.5731,4.2444,92.16999816894533
2021-08-02,3.8377,4.5611,4.2383,92.0500030517578
2021-08-03,3.8315,4.5533,4.2366,92.08000183105467
2021-08-04,3.8366,4.5468,4.2361,92.2699966430664
2021-08-05,3.8485,4.5555,4.2454,92.23999786376952
2021-08-06,3.8519,4.5495,4.2422,92.8000030517578
2021-08-09,3.8885,4.5709,4.2421,92.9499969482422
2021-08-10,3.8937,4.5681,4.2272,93.05999755859376
2021-08-11,3.9148,4.5854,4.2385,92.91000366210938
2021-08-12,3.9074,4.59,4.2404,93.04000091552734
2021-08-13,3.8934,4.5718,4.2204,92.5199966430664
2021-08-16,3.873,4.5651,4.2425,92.62999725341795
2021-08-17,3.8797,4.5691,4.2602,93.12999725341795
2021-08-18,3.8861,4.5547,4.2553,93.13999938964844
2021-08-19,3.9226,4.5843,4.2818,93.56999969482422
2021-08-20,3.9301,4.588,4.2816,93.5
2021-08-23,3.9107,4.5876,4.2781,92.95999908447266
2021-08-24,3.9086,4.5848,4.2811,92.88999938964844
2021-08-25,3.8869,4.5679,4.2573,92.83000183105467
2021-08-26,3.8912,4.5758,4.2422,93.05999755859376
2021-08-27,3.8978,4.5803,4.2442,92.69000244140624
2021-08-30,3.8724,4.5691,4.2289,92.6500015258789
2021-08-31,3.8386,4.5374,4.1984,92.62999725341795
2021-09-01,3.8238,4.5184,4.1688,92.4499969482422
2021-09-02,3.8044,4.5067,4.1554,92.2300033569336
2021-09-03,3.7998,4.5124,4.1568,92.04000091552734
2021-09-07,3.8041,4.5181,4.1613,92.5199966430664
2021-09-08,3.8213,4.5175,4.1542,92.6500015258789
2021-09-09,3.8292,4.5315,4.1663,92.4800033569336
2021-09-10,3.8402,4.5499,4.1956,92.58000183105467
2021-09-13,3.8495,4.5386,4.1782,92.62000274658205
2021-09-14,3.8542,4.5559,4.1807,92.6500015258789
2021-09-15,3.8475,4.5502,4.192,92.48999786376952
2021-09-16,3.8847,4.5736,4.2054,92.86000061035156
2021-09-17,3.8882,4.5789,4.1929,93.1999969482422
2021-09-20,3.9282,4.5999,4.2172,93.23999786376952
2021-09-21,3.9337,4.6154,4.2489,93.1999969482422
2021-09-22,3.946,4.6308,4.2789,93.45999908447266
2021-09-23,3.9256,4.6012,4.2494,93.0999984741211
2021-09-24,3.9268,4.6085,4.2494,93.33000183105467
2021-09-27,3.9276,4.5912,4.2307,93.37999725341795
2021-09-28,3.9546,4.6192,4.2622,93.7699966430664
2021-09-29,3.9684,4.6287,4.2694,94.33999633789062
2021-09-30,3.9925,4.6329,4.2725,94.25
2021-10-01,3.9678,4.5941,4.2579,94.04000091552734
2021-10-04,3.9368,4.5716,4.2371,93.80999755859376
2021-10-05,3.9688,4.6034,4.2836,93.9800033569336
2021-10-06,3.9992,4.6203,4.3002,94.2699966430664
2021-10-07,3.9334,4.5472,4.2428,94.22000122070312
2021-10-08,3.9775,4.5956,4.2756,94.06999969482422
2021-10-11,3.9862,4.612,4.302,94.31999969482422
2021-10-12,3.9664,4.5859,4.2745,94.5199966430664
2021-10-13,3.9638,4.5806,4.2684,94.08000183105467
2021-10-14,3.9403,4.577,4.2814,93.95999908447266
2021-10-15,3.9413,4.5733,4.2691,93.94000244140624
2021-10-18,3.9471,4.5715,4.2611,93.9499969482422
2021-10-19,3.9212,4.5717,4.2644,93.79000091552734
2021-10-20,3.9428,4.5841,4.2637,93.55999755859376
2021-10-21,3.9449,4.593,4.2899,93.7699966430664
2021-10-22,3.9576,4.6072,4.3157,93.61000061035156
2021-10-25,3.9502,4.6018,4.3054,93.80999755859376
2021-10-26,3.974,4.6134,4.313,93.9499969482422
2021-10-27,3.9815,4.6165,4.3362,93.86000061035156
2021-10-28,3.9938,4.6284,4.3473,93.3499984741211
2021-10-29,3.9664,4.6208,4.3496,94.12000274658205
2021-11-02,3.9772,4.6129,4.3615,94.08999633789062
2021-11-03,3.9681,4.6,4.3554,93.86000061035156
2021-11-04,3.9807,4.5987,4.3616,94.3499984741211
2021-11-05,3.9911,4.6065,4.362,94.31999969482422
2021-11-08,3.9747,4.595,4.3445,94.0500030517578
2021-11-09,3.9622,4.5942,4.3401,93.95999908447266
2021-11-10,3.9737,4.6007,4.3555,94.8499984741211
2021-11-12,4.0559,4.6412,4.3984,95.12999725341795
2021-11-15,4.0497,4.6365,4.4008,95.41000366210938
2021-11-16,4.1061,4.6652,4.4285,95.91999816894533
2021-11-17,4.1204,4.6614,4.4232,95.83000183105467
2021-11-18,4.1114,4.6592,4.4346,95.54000091552734
2021-11-19,4.1457,4.6844,4.4782,96.06999969482422
2021-11-22,4.1855,4.721,4.5089,96.5
2021-11-23,4.1893,4.7171,4.4948,96.48999786376952
2021-11-24,4.1764,4.6811,4.4639,96.83999633789062
2021-11-26,4.1754,4.7038,4.5071,96.08999633789062
2021-11-29,4.1627,4.6982,4.5013,96.33999633789062
2021-11-30,4.1214,4.6834,4.4888,95.98999786376952
2021-12-01,4.1051,4.6494,4.4652,96.0500030517578
2021-12-02,4.0625,4.6002,4.4131,96.12999725341795
2021-12-03,4.0653,4.5934,4.4165,96.12000274658205
2021-12-06,4.0619,4.5889,4.4029,96.29000091552734
2021-12-07,4.0788,4.5991,4.4169,96.37000274658205
2021-12-08,4.071,4.5941,4.4049,95.88999938964844
2021-12-09,4.0837,4.6226,4.4305,96.2699966430664
2021-12-10,4.0887,4.6129,4.4259,96.0500030517578
2021-12-13,4.1003,4.6204,4.4335,96.31999969482422
2021-12-14,4.1088,4.6436,4.4631,96.56999969482422
2021-12-15,4.0999,4.6214,4.4362,96.51000213623048
2021-12-16,4.0938,4.6315,4.4306,96.04000091552734
2021-12-17,4.0882,4.6334,4.4531,96.56999969482422
2021-12-20,4.1182,4.6381,4.4565,96.5500030517578
2021-12-21,4.0937,4.6238,4.4462,96.48999786376952
2021-12-22,4.0984,4.6244,4.4335,96.08000183105467
2021-12-23,4.095,4.6359,4.4497,96.0199966430664
2021-12-27,4.0889,4.6239,4.4463,96.08999633789062
2021-12-28,4.062,4.6028,4.4328,96.1999969482422
2021-12-29,4.0779,4.5997,4.4362,95.93000030517578
2021-12-30,4.0631,4.5915,4.4262,95.97000122070312
2021-12-31,4.06,4.5994,4.4484,95.66999816894533
2022-01-03,4.0424,4.5889,4.4326,96.23999786376952
2022-01-04,4.0468,4.5737,4.409,96.29000091552734
2022-01-05,4.0396,4.5672,4.4106,96.19000244140624
2022-01-07,4.0279,4.5576,4.372,95.73999786376952
2022-01-10,4.0064,4.5377,4.35,95.98999786376952
2022-01-11,4.0106,4.5454,4.33,95.62000274658205
2022-01-12,3.9879,4.5332,4.3192,95.0
2022-01-13,3.9463,4.527,4.3244,94.79000091552734
2022-01-14,3.9597,4.5372,4.3466,95.16999816894533
2022-01-18,3.9734,4.5275,4.3436,95.7300033569336
2022-01-19,3.993,4.5279,4.3594,95.51000213623048
2022-01-20,3.9833,4.5201,4.3511,95.73999786376952
2022-01-21,3.9953,4.5303,4.3786,95.63999938964844
2022-01-24,4.0049,4.5358,4.3932,95.91999816894533
2022-01-25,4.0593,4.5821,4.4161,95.9499969482422
2022-01-26,4.0684,4.592,4.4211,96.48999786376952
2022-01-27,4.083,4.5713,4.4029,97.26000213623048
2022-01-28,4.1048,4.5697,4.4086,97.2699966430664
2022-01-31,4.1147,4.5982,4.4156,96.54000091552734
2022-02-01,4.0689,4.582,4.4087,96.38999938964844
2022-02-02,4.0283,4.55,4.379,95.94000244140624
2022-02-03,4.0267,4.5439,4.3656,95.37999725341795
2022-02-04,3.9657,4.5459,4.3046,95.4800033569336
2022-02-07,3.9872,4.555,4.3112,95.4000015258789
2022-02-08,3.9693,4.5274,4.2973,95.63999938964844
2022-02-09,3.953,4.5167,4.2798,95.48999786376952
2022-02-10,3.9218,4.4879,4.2465,95.5500030517578
2022-02-11,3.9665,4.5163,4.2754,96.08000183105467
2022-02-14,4.0439,4.5743,4.375,96.37000274658205
2022-02-15,3.974,4.5091,4.2954,95.98999786376952
2022-02-16,3.9478,4.4916,4.2706,95.6999969482422
2022-02-17,3.9687,4.5088,4.307,95.8000030517578
2022-02-18,3.9798,4.5256,4.3233,96.04000091552734
2022-02-22,4.012,4.5416,4.3676,96.02999877929688
2022-02-23,3.9937,4.5352,4.3401,96.19000244140624
2022-02-24,4.1281,4.6284,4.4808,97.13999938964844
2022-02-25,4.1683,4.6608,4.5001,96.62000274658205
2022-02-28,4.1965,4.6909,4.5483,96.70999908447266
2022-03-01,4.2193,4.7241,4.6037,97.41000366210938
2022-03-02,4.3302,4.7989,4.7212,97.38999938964844
2022-03-03,4.3257,4.7931,4.7028,97.79000091552734
2022-03-04,4.391,4.8363,4.7787,98.6500015258789
2022-03-07,4.5722,4.9647,4.9452,99.29000091552734
2022-03-08,4.5115,4.9121,4.8579,99.05999755859376
2022-03-09,4.4147,4.8429,4.758,97.97000122070312
2022-03-10,4.3482,4.8013,4.6917,98.51000213623048
2022-03-11,4.3694,4.7924,4.689,99.12000274658205
2022-03-14,4.3221,4.7465,4.631,99.05999755859376
2022-03-15,4.2992,4.7311,4.5793,99.06999969482422
2022-03-16,4.2828,4.7055,4.555,98.37999725341795
2022-03-17,4.2403,4.6876,4.5127,98.01000213623048
2022-03-18,4.2707,4.7221,4.5701,98.2300033569336
2022-03-21,4.2444,4.693,4.5614,98.5
2022-03-22,4.272,4.6975,4.5644,98.48999786376952
2022-03-23,4.2772,4.7036,4.5722,98.62000274658205
2022-03-24,4.331,4.7589,4.6412,98.79000091552734
2022-03-25,4.3125,4.7459,4.6528,98.80999755859376
2022-03-28,4.2784,4.702,4.5697,99.08999633789062
2022-03-29,4.2917,4.7144,4.5809,98.4000015258789
2022-03-30,4.1688,4.6507,4.5045,97.79000091552734
2022-03-31,4.1801,4.6525,4.5207,98.30999755859376
2022-04-01,4.1978,4.6428,4.5431,98.62999725341795
2022-04-04,4.2073,4.6373,4.539,98.98999786376952
2022-04-05,4.2233,4.6317,4.559,99.47000122070312
2022-04-06,4.2606,4.6539,4.5691,99.5999984741211
2022-04-07,4.2727,4.6478,4.5793,99.75
2022-04-08,4.2703,4.6405,4.5663,99.8000030517578
2022-04-11,4.2586,4.6451,4.5574,99.93000030517578
2022-04-12,4.2926,4.6626,4.6005,100.29000091552734
2022-04-13,4.2872,4.646,4.6016,99.87999725341795
2022-04-14,4.2581,4.6447,4.5539,100.31999969482422
2022-04-19,4.2887,4.6361,4.533,100.95999908447266
2022-04-20,4.2708,4.6295,4.5049,100.38999938964844
2022-04-21,4.2596,4.6523,4.4913,100.58000183105467
2022-04-22,4.2935,4.6361,4.493,101.22000122070312
2022-04-25,4.3188,4.6405,4.5047,101.75
2022-04-26,4.3469,4.6429,4.5294,102.3000030517578
2022-04-27,4.4453,4.7076,4.6042,102.9499969482422
2022-04-28,4.4613,4.6915,4.5921,103.62000274658205
2022-04-29,4.4072,4.6582,4.5504,102.95999908447266
2022-05-02,4.4454,4.6806,4.576,103.73999786376952
2022-05-04,4.4456,4.6777,4.5333,102.58999633789062
2022-05-05,4.4017,4.6658,4.4995,103.75
2022-05-06,4.4502,4.6979,4.5196,103.66000366210938
2022-05-09,4.4784,4.7059,4.5074,103.6500015258789
2022-05-10,4.4223,4.6761,4.4528,103.91999816894533
2022-05-11,4.419,4.67,4.47,103.8499984741211
2022-05-12,4.4863,4.6841,4.502,104.8499984741211
2022-05-13,4.4849,4.6679,4.4843,104.55999755859376
2022-05-16,4.4785,4.6724,4.4582,104.19000244140624
2022-05-17,4.4379,4.6558,4.4542,103.36000061035156
2022-05-18,4.4279,4.6528,4.4395,103.80999755859376
2022-05-19,4.4231,4.6429,4.5303,102.72000122070312
2022-05-20,4.3832,4.6366,4.5061,103.1500015258789
2022-05-23,4.3369,4.6171,4.4755,102.08000183105467
2022-05-24,4.3071,4.6107,4.4723,101.86000061035156
2022-05-25,4.3069,4.5955,4.4727,102.05999755859376
2022-05-26,4.3189,4.6135,4.5003,101.83000183105467
2022-05-27,4.2966,4.6102,4.4814,101.66999816894533
2022-05-31,4.2651,4.5756,4.4387,101.75
2022-06-01,4.2817,4.5891,4.4531,102.5500030517578
2022-06-02,4.2931,4.5876,4.4689,101.7699966430664
2022-06-03,4.2689,4.5908,4.4547,102.13999938964844
2022-06-06,4.2675,4.588,4.4412,102.44000244140624
2022-06-07,4.2935,4.5855,4.4,102.31999969482422
2022-06-08,4.2904,4.5817,4.3834,102.54000091552734
2022-06-09,4.2764,4.5826,4.3696,103.22000122070312
2022-06-10,4.3363,4.603,4.4292,104.1500015258789
2022-06-13,4.4209,4.6313,4.4594,105.08000183105467
2022-06-14,4.4478,4.6548,4.4967,105.5199966430664
2022-06-15,4.4455,4.6642,4.4574,105.16000366210938
2022-06-17,4.463,4.6951,4.6223,104.6999969482422
2022-06-21,4.3917,4.646,4.5511,104.44000244140624
2022-06-22,4.4338,4.659,4.5818,104.1999969482422
2022-06-23,4.4881,4.7096,4.6375,104.43000030517578
2022-06-24,4.4656,4.7094,4.6538,104.19000244140624
2022-06-27,4.4369,4.6965,4.6314,103.94000244140624
2022-06-28,4.4377,4.7004,4.6513,104.51000213623048
2022-06-29,4.4533,4.6809,4.6611,105.11000061035156
2022-06-30,4.4825,4.6806,4.6904,104.69000244140624
2022-07-01,4.5106,4.7176,4.7075,105.13999938964844
2022-07-05,4.5947,4.7358,4.7641,106.5
2022-07-06,4.6796,4.7942,4.8287,107.0999984741211
2022-07-07,4.7029,4.7965,4.8418,107.12999725341795
2022-07-08,4.7417,4.7958,4.8528,107.01000213623048
2022-07-11,4.7416,4.7976,4.8409,108.0199966430664
2022-07-12,4.8284,4.8337,4.9031,108.06999969482422
2022-07-13,4.8221,4.8399,4.9269,107.95999908447266
2022-07-14,4.8274,4.8371,4.9035,108.54000091552734
2022-07-15,4.7966,4.8115,4.893,108.05999755859376
2022-07-18,4.7152,4.777,4.8387,107.37000274658205
2022-07-19,4.6594,4.7731,4.8036,106.68000030517578
2022-07-20,4.6524,4.7603,4.7982,107.08000183105467
2022-07-21,4.6682,4.7578,4.8008,106.91000366210938
2022-07-22,4.692,4.7643,4.8479,106.7300033569336
2022-07-25,4.6171,4.7196,4.7917,106.4800033569336
2022-07-26,4.6222,4.7183,4.7943,107.19000244140624
2022-07-27,4.7142,4.7811,4.9039,106.4499969482422
2022-07-28,4.6952,4.7973,4.904,106.3499984741211
2022-07-29,4.6365,4.7399,4.8682,105.9000015258789
2022-08-01,4.629,4.7475,4.873,105.4499969482422
2022-08-02,4.5984,4.7092,4.8322,106.23999786376952
2022-08-03,4.6164,4.7032,4.8127,106.51000213623048
2022-08-04,4.634,4.723,4.8226,105.69000244140624
2022-08-05,4.6024,4.7053,4.8153,106.62000274658205
2022-08-08,4.6127,4.7013,4.8137,106.44000244140624
2022-08-09,4.5919,4.7021,4.8239,106.37000274658205
2022-08-10,4.6112,4.7138,4.8454,105.1999969482422
2022-08-11,4.5206,4.6745,4.8134,105.08999633789062
2022-08-12,4.5459,4.6832,4.8318,105.62999725341795
2022-08-16,4.6282,4.6928,4.8784,106.5
2022-08-17,4.6119,4.6921,4.85,106.56999969482422
2022-08-18,4.6468,4.7244,4.8733,107.4800033569336
2022-08-19,4.7061,4.748,4.9159,108.16999816894533
2022-08-22,4.7427,4.7493,4.9444,109.0500030517578
2022-08-23,4.803,4.7706,4.9696,108.62000274658205
2022-08-24,4.8029,4.7772,4.9916,108.68000030517578
2022-08-25,4.7546,4.7584,4.9415,108.47000122070312
2022-08-26,4.7465,4.7413,4.9196,108.8000030517578
2022-08-29,4.7821,4.7529,4.9342,108.83999633789062
2022-08-30,4.721,4.7328,4.8679,108.7699966430664
2022-08-31,4.736,4.7265,4.8467,108.6999969482422
2022-09-01,4.6959,4.7133,4.8112,109.69000244140624
2022-09-02,4.7276,4.7144,4.8237,109.52999877929688
2022-09-06,4.7367,4.7168,4.8311,110.20999908447266
2022-09-07,4.7584,4.7137,4.8413,109.83999633789062
2022-09-08,4.7268,4.7244,4.8438,109.70999908447266
2022-09-09,4.6599,4.7098,4.8693,109.0
2022-09-12,4.6225,4.7113,4.8428,108.33000183105467
2022-09-13,4.6363,4.7082,4.8752,109.81999969482422
2022-09-14,4.7233,4.7195,4.9174,109.66000366210938
2022-09-15,4.7202,4.7164,4.9137,109.73999786376952
2022-09-16,4.7384,4.7176,4.9134,109.76000213623048
2022-09-19,4.7255,4.7142,4.8864,109.73999786376952
2022-09-20,4.7118,4.7165,4.8772,110.22000122070312
2022-09-21,4.7919,4.7449,4.9687,110.63999938964844
2022-09-22,4.8343,4.7758,4.9621,111.3499984741211
2022-09-23,4.8796,4.7591,4.9701,113.19000244140624
2022-09-26,4.9113,4.7566,4.9846,114.0999984741211
2022-09-27,4.9476,4.7616,5.0135,114.11000061035156
2022-09-28,5.0381,4.8147,5.071,112.5999984741211
2022-09-29,5.0328,4.8637,5.12,112.25
2022-09-30,4.9533,4.8698,5.0714,112.12000274658205
2022-10-03,4.9207,4.8272,4.9806,111.75
2022-10-04,4.8615,4.8007,4.9215,110.06999969482422
2022-10-05,4.838,4.8128,4.9299,111.06999969482422
2022-10-06,4.8989,4.8445,4.9874,112.26000213623048
2022-10-07,4.9588,4.8606,5.0065,112.8000030517578
2022-10-10,5.0239,4.8677,5.0372,113.13999938964844
2022-10-11,5.0171,4.8711,5.0179,113.22000122070312
2022-10-12,5.0014,4.8536,5.0231,113.31999969482422
2022-10-13,4.9905,4.8468,4.9964,112.36000061035156
2022-10-14,4.9569,4.833,4.9526,113.30999755859376
2022-10-17,4.9522,4.8229,4.9392,112.04000091552734
2022-10-18,4.8929,4.8092,4.9091,112.12999725341795
2022-10-19,4.8892,4.7997,4.8899,112.9800033569336
2022-10-20,4.9024,4.7955,4.8717,112.87999725341795
2022-10-21,4.9,4.7804,4.852,112.01000213623048
2022-10-24,4.8669,4.7866,4.8612,111.98999786376952
2022-10-25,4.8499,4.7805,4.8359,110.9499969482422
2022-10-26,4.7538,4.7723,4.8203,109.6999969482422
2022-10-27,4.7216,4.7504,4.7798,110.58999633789062
2022-10-28,4.7477,4.7199,4.7705,110.66999816894533
2022-10-31,4.734,4.7089,4.7376,111.52999877929688
2022-11-02,4.7485,4.7039,4.7656,111.3499984741211
2022-11-03,4.8291,4.7101,4.7697,112.93000030517578
2022-11-04,4.7975,4.6898,4.7523,110.87999725341795
2022-11-07,4.6926,4.6858,4.731,110.12000274658205
2022-11-08,4.6893,4.6912,4.7417,109.62000274658205
2022-11-09,4.6817,4.7037,4.7467,110.5500030517578
2022-11-10,4.7328,4.7146,4.7905,108.20999908447266
2022-11-14,4.5383,4.6794,4.7977,106.66000366210938
2022-11-15,4.5143,4.6985,4.8059,106.4000015258789
2022-11-16,4.505,4.6942,4.7888,106.27999877929688
2022-11-17,4.5387,4.7039,4.7909,106.69000244140624
2022-11-18,4.5337,4.7067,4.7675,106.93000030517578
2022-11-21,4.5991,4.7035,4.7944,107.83999633789062
2022-11-22,4.5844,4.7075,4.7977,107.22000122070312
2022-11-23,4.548,4.6958,4.7807,106.08000183105467
2022-11-25,4.5111,4.6884,4.7729,105.95999908447266
2022-11-28,4.4827,4.6835,4.7555,106.68000030517578
2022-11-29,4.5164,4.6813,4.7449,106.81999969482422
2022-11-30,4.5066,4.6684,4.7421,105.9499969482422
2022-12-01,4.4911,4.6892,4.758,104.7300033569336
2022-12-02,4.4492,4.685,4.7576,104.5500030517578
2022-12-05,4.4415,4.6898,4.7542,105.29000091552734
2022-12-06,4.4787,4.6995,4.7472,105.58000183105467
2022-12-07,4.4834,4.6968,4.7608,105.0999984741211
2022-12-08,4.476,4.6976,4.7496,104.7699966430664
2022-12-09,4.4351,4.6821,4.7474,104.80999755859376
2022-12-12,4.4424,4.6912,4.7624,105.12999725341795
2022-12-13,4.4527,4.6945,4.7551,103.9800033569336
2022-12-14,4.3973,4.6886,4.7439,103.7699966430664
2022-12-15,4.41,4.6843,4.7482,104.55999755859376
2022-12-16,4.4227,4.6934,4.7564,104.6999969482422
2022-12-19,4.4153,4.6886,4.7453,104.72000122070312
2022-12-20,4.4001,4.6804,4.7524,103.97000122070312
2022-12-21,4.3947,4.6648,4.7443,104.16000366210938
2022-12-22,4.3726,4.6551,4.7358,104.43000030517578
2022-12-23,4.37,4.6364,4.6925,104.30999755859376
2022-12-27,4.3671,4.6558,4.7035,104.18000030517578
2022-12-28,4.4127,4.6938,4.7438,104.45999908447266
2022-12-29,4.4078,4.6969,4.7725,103.83999633789062
2022-12-30,4.4018,4.6899,4.7679,103.5199966430664
2023-01-03,4.4373,4.68,4.7342,104.5199966430664
2023-01-04,4.3998,4.6688,4.7454,104.25
2023-01-05,4.397,4.6709,4.7437,105.04000091552734
2023-01-09,4.401,4.697,4.7606,103.0
2023-01-10,4.372,4.6981,4.7525,103.23999786376952
2023-01-11,4.3639,4.6871,4.7266,103.19000244140624
2023-01-12,4.3556,4.6888,4.6773,102.25
2023-01-13,4.3272,4.6915,4.66,102.1999969482422
2023-01-17,4.3398,4.6946,4.7005,102.38999938964844
2023-01-18,4.3322,4.7091,4.7449,102.36000061035156
2023-01-19,4.3469,4.7053,4.7437,102.05999755859376
2023-01-20,4.352,4.7137,4.7281,102.01000213623048
2023-01-23,4.3242,4.7186,4.7118,102.13999938964844
2023-01-24,4.3341,4.7073,4.7014,101.91999816894533
2023-01-25,4.3265,4.7079,4.687,101.63999938964844
2023-01-26,4.3354,4.7239,4.7142,101.83999633789062
2023-01-27,4.3252,4.7076,4.6961,101.93000030517578
2023-01-30,4.3258,4.716,4.7054,102.27999877929688
2023-01-31,4.348,4.7089,4.6918,102.0999984741211
2023-02-01,4.3254,4.708,4.7222,101.22000122070312
2023-02-02,4.2803,4.7079,4.7147,101.75
2023-02-03,4.2928,4.692,4.7023,102.91999816894533
2023-02-06,4.3833,4.7195,4.7458,103.62000274658205
2023-02-07,4.4325,4.7476,4.7856,103.43000030517578
2023-02-08,4.4074,4.7402,4.8004,103.41000366210938
2023-02-09,4.4003,4.7363,4.7912,103.22000122070312
2023-02-10,4.4565,4.7716,4.8283,103.62999725341795
2023-02-13,4.4856,4.7895,4.8582,103.3499984741211
2023-02-14,4.4463,4.7847,4.8519,103.2300033569336
2023-02-15,4.4372,4.7593,4.8105,103.91999816894533
2023-02-16,4.4601,4.7728,4.8349,103.86000061035156
2023-02-17,4.4888,4.7747,4.8144,103.86000061035156
2023-02-21,4.4524,4.7469,4.816,104.18000030517578
2023-02-22,4.4687,4.7538,4.8176,104.58999633789062
2023-02-23,4.4873,4.7525,4.8085,104.5999984741211
2023-02-24,4.463,4.7245,4.7749,105.20999908447266
2023-02-27,4.4697,4.7162,4.7487,104.66999816894533
2023-02-28,4.4475,4.717,4.7424,104.87000274658205
2023-03-01,4.4094,4.6925,4.7031,104.4800033569336
2023-03-02,4.4002,4.675,4.6743,105.02999877929688
2023-03-03,4.4341,4.7046,4.728,104.5199966430664
2023-03-06,4.4289,4.7073,4.7402,104.3499984741211
2023-03-07,4.3981,4.6871,4.7156,105.62000274658205
2023-03-08,4.4626,4.7018,4.7342,105.66000366210938
2023-03-09,4.4356,4.6836,4.7319,105.30999755859376
2023-03-10,4.4266,4.6838,4.7578,104.58000183105467
2023-03-13,4.3906,4.6848,4.8054,103.5999984741211
2023-03-14,4.3793,4.6909,4.8035,103.5999984741211
2023-03-15,4.403,4.7015,4.7938,104.6500015258789
2023-03-16,4.4248,4.6978,4.7718,104.41999816894533
2023-03-17,4.4202,4.7062,4.7728,103.70999908447266
2023-03-20,4.413,4.7109,4.7477,103.27999877929688
2023-03-21,4.3715,4.6981,4.7167,103.26000213623048
2023-03-22,4.3467,4.6888,4.7154,102.3499984741211
2023-03-23,4.3011,4.6817,4.697,102.52999877929688
2023-03-24,4.3742,4.6911,4.7623,103.12000274658205
2023-03-27,4.3518,4.6856,4.75,102.86000061035156
2023-03-28,4.33,4.6816,4.7205,102.43000030517578
2023-03-29,4.3247,4.685,4.7012,102.63999938964844
2023-03-30,4.3043,4.6801,4.698,102.13999938964844
2023-03-31,4.2934,4.6755,4.6856,102.51000213623048
2023-04-03,4.3168,4.6805,4.7033,102.08999633789062
2023-04-04,4.2855,4.6785,4.6989,101.58999633789062
2023-04-05,4.2739,4.6803,4.724,101.8499984741211
2023-04-06,4.3033,4.6902,4.757,101.81999969482422
2023-04-11,4.2917,4.681,4.7467,102.1999969482422
2023-04-12,4.2713,4.666,4.7301,101.5
2023-04-13,4.2225,4.6511,4.7361,101.01000213623048
2023-04-14,4.2042,4.6494,4.7334,101.5500030517578
2023-04-17,4.2261,4.6341,4.7222,102.0999984741211
2023-04-18,4.2151,4.6286,4.7031,101.75
2023-04-19,4.2244,4.6278,4.7023,101.97000122070312
2023-04-20,4.2024,4.6109,4.6914,101.83999633789062
2023-04-21,4.2006,4.6039,4.701,101.81999969482422
2023-04-24,4.1905,4.6129,4.7116,101.3499984741211
2023-04-25,4.1649,4.598,4.6993,101.86000061035156
2023-04-26,4.1557,4.5887,4.6702,101.47000122070312
2023-04-27,4.1541,4.5915,4.655,101.5
2023-04-28,4.1753,4.5889,4.6619,101.66999816894533
2023-05-02,4.1823,4.5892,4.6555,101.95999908447266
2023-05-04,4.1547,4.5868,4.6792,101.4000015258789
2023-05-05,4.1612,4.5885,4.6652,101.20999908447266
2023-05-08,4.1384,4.5671,4.6572,101.37000274658205
2023-05-09,4.1609,4.5683,4.6637,101.63999938964844
2023-05-10,4.1532,4.5488,4.6633,101.4800033569336
2023-05-11,4.1414,4.5259,4.6284,102.05999755859376
2023-05-12,4.1638,4.5444,4.6693,102.68000030517578
2023-05-15,4.149,4.5096,4.624,102.43000030517578
2023-05-16,4.1228,4.4904,4.6176,102.55999755859376
2023-05-17,4.1504,4.4945,4.6095,102.87999725341795
2023-05-18,4.1929,4.5355,4.6568,103.58000183105467
2023-05-19,4.2053,4.5367,4.6571,103.1999969482422
2023-05-22,4.1881,4.5269,4.6753,103.1999969482422
2023-05-23,4.1634,4.4981,4.6298,103.48999786376952
2023-05-24,4.1573,4.4803,4.6087,103.88999938964844
2023-05-25,4.1994,4.503,4.6363,104.20999908447266
2023-05-26,4.2156,4.5242,4.6634,104.20999908447266
2023-05-30,4.2242,4.522,4.6688,104.16999816894533
2023-05-31,4.2559,4.5376,4.671,104.31999969482422
2023-06-01,4.2399,4.5312,4.6572,103.55999755859376
2023-06-02,4.1903,4.5148,4.6332,104.0199966430664
2023-06-05,4.1933,4.4851,4.6041,104.0
2023-06-06,4.1964,4.4902,4.6298,104.12999725341795
2023-06-07,4.1887,4.479,4.6211,104.0999984741211
2023-06-09,4.1545,4.4717,4.6136,103.55999755859376
2023-06-12,4.1169,4.4366,4.5623,103.62999725341795
2023-06-13,4.1439,4.4783,4.5802,103.33999633789062
2023-06-14,4.1393,4.4715,4.5779,103.01000213623048
2023-06-15,4.1203,4.4633,4.5618,102.12000274658205
2023-06-16,4.0715,4.4583,4.57,102.3000030517578
2023-06-20,4.058,4.4386,4.5248,102.54000091552734
2023-06-21,4.0648,4.4408,4.5326,102.06999969482422
2023-06-22,4.033,4.4335,4.5109,102.38999938964844
2023-06-23,4.0893,4.4367,4.5414,102.9000015258789
2023-06-26,4.0669,4.4297,4.543,102.69000244140624
2023-06-27,4.0481,4.4286,4.5243,102.48999786376952
2023-06-28,4.0719,4.46,4.5508,102.91000366210938
2023-06-29,4.0832,4.4568,4.5531,103.33999633789062
2023-06-30,4.1066,4.4503,4.5562,102.91000366210938
2023-07-03,4.0714,4.4321,4.5288,102.98999786376952
2023-07-05,4.0869,4.4498,4.5511,103.37000274658205
2023-07-06,4.1191,4.4754,4.5894,103.16999816894533
2023-07-07,4.1189,4.4803,4.5978,102.2699966430664
2023-07-10,4.0632,4.4553,4.5688,101.97000122070312
2023-07-11,4.0374,4.4426,4.5779,101.7300033569336
2023-07-12,4.0347,4.4471,4.5948,100.5199966430664
2023-07-13,3.9724,4.4336,4.6028,99.7699966430664
2023-07-14,3.9617,4.4486,4.6193,99.91000366210938
2023-07-17,3.9616,4.452,4.6113,99.83999633789062
2023-07-18,3.9451,4.4331,4.5913,99.94000244140624
2023-07-19,3.9612,4.4492,4.6113,100.27999877929688
2023-07-20,3.971,4.4511,4.6276,100.87999725341795
2023-07-21,3.999,4.4501,4.6156,101.06999969482422
2023-07-24,4.021,4.4517,4.634,101.3499984741211
2023-07-25,4.008,4.4348,4.6172,101.3499984741211
2023-07-26,3.9949,4.4248,4.6316,100.88999938964844
2023-07-27,3.9702,4.4224,4.6383,101.7699966430664
2023-07-28,4.0377,4.4257,4.635,101.62000274658205
2023-07-31,3.9995,4.4135,4.5943,101.86000061035156
2023-08-01,4.0262,4.419,4.6024,102.3000030517578
2023-08-02,4.0497,4.4484,4.6167,102.58999633789062
2023-08-03,4.081,4.4585,4.6523,102.54000091552734
2023-08-04,4.062,4.4438,4.6282,102.0199966430664
2023-08-07,4.0347,4.4279,4.6069,102.0500030517578
2023-08-08,4.0396,4.4375,4.6231,102.52999877929688
2023-08-09,4.0592,4.4586,4.6398,102.48999786376952
2023-08-10,4.0521,4.465,4.6402,102.5199966430664
2023-08-11,4.0501,4.4547,4.6199,102.83999633789062
2023-08-14,4.0525,4.4361,4.6212,103.19000244140624
2023-08-16,4.0832,4.4621,4.6507,103.41999816894533
2023-08-17,4.1094,4.4681,4.673,103.44000244140624
2023-08-18,4.1285,4.4869,4.6897,103.37999725341795
2023-08-21,4.1124,4.4768,4.6718,103.33000183105467
2023-08-22,4.0924,4.4648,4.6632,103.55999755859376
2023-08-23,4.1438,4.4834,4.7067,103.36000061035156
2023-08-24,4.118,4.473,4.683,103.9800033569336
2023-08-25,4.1419,4.4674,4.6767,104.08000183105467
2023-08-28,4.14,4.4716,4.6821,104.05999755859376
2023-08-29,4.1341,4.469,4.6725,103.5500030517578
2023-08-30,4.1167,4.474,4.6807,103.16000366210938
2023-08-31,4.1074,4.4684,4.6636,103.62000274658205
2023-09-01,4.1263,4.4762,4.6742,104.23999786376952
2023-09-05,4.1643,4.4764,4.691,104.80999755859376
2023-09-06,4.1895,4.4974,4.7086,104.86000061035156
2023-09-07,4.289,4.594,4.8067,105.05999755859376
2023-09-08,4.2958,4.6019,4.8225,105.08999633789062
2023-09-11,4.3077,4.6209,4.8313,104.56999969482422
2023-09-12,4.3711,4.6836,4.9015,104.70999908447266
2023-09-13,4.3225,4.6402,4.8403,104.7699966430664
2023-09-14,4.312,4.6285,4.8261,105.41000366210938
2023-09-15,4.3418,4.6307,4.8481,105.31999969482422
2023-09-18,4.3489,4.6377,4.8519,105.1999969482422
2023-09-19,4.3472,4.6458,4.8505,105.1999969482422
2023-09-20,4.3501,4.6529,4.8483,105.16000366210938
2023-09-21,4.3365,4.621,4.7809,105.36000061035156
2023-09-22,4.3269,4.6069,4.7752,105.58000183105467
2023-09-25,4.3188,4.5892,4.747,106.0
2023-09-26,4.3485,4.6077,4.7657,106.2300033569336
2023-09-27,4.3622,4.6065,4.759,106.66999816894533
2023-09-28,4.4062,4.634,4.7973,106.22000122070312
2023-09-29,4.3697,4.6356,4.803,106.16999816894533
2023-10-02,4.3634,4.6091,4.7869,106.9000015258789
2023-10-03,4.4012,4.6147,4.7848,107.0
2023-10-04,4.4155,4.6303,4.8065,106.8000030517578
2023-10-05,4.3768,4.5974,4.7683,106.33000183105467
2023-10-06,4.3608,4.5998,4.7768,106.04000091552734
2023-10-09,4.3439,4.5793,4.7704,106.08000183105467
2023-10-10,4.2985,4.5581,4.7537,105.83000183105467
2023-10-11,4.2589,4.5183,4.7174,105.81999969482422
2023-10-12,4.2659,4.5329,4.7398,106.56999969482422
2023-10-13,4.3033,4.5417,4.747,106.6500015258789
2023-10-16,4.2505,4.4804,4.7085,106.23999786376952
2023-10-17,4.2131,4.4389,4.6676,106.25
2023-10-18,4.2035,4.4488,4.6753,106.56999969482422
2023-10-19,4.2264,4.4529,4.6989,106.25
2023-10-20,4.2194,4.4675,4.7328,106.16000366210938
2023-10-23,4.2022,4.4552,4.7083,105.54000091552734
2023-10-24,4.1884,4.4604,4.6974,106.2699966430664
2023-10-25,4.2284,4.4758,4.7236,106.52999877929688
2023-10-26,4.2395,4.4708,4.7123,106.5999984741211
2023-10-27,4.2267,4.4642,4.6935,106.55999755859376
2023-10-30,4.204,4.4491,4.6546,106.12000274658205
2023-10-31,4.1684,4.4475,4.6227,106.66000366210938
2023-11-02,4.1963,4.4582,4.6466,106.12000274658205
2023-11-03,4.1857,4.4569,4.6293,105.0199966430664
2023-11-06,4.1512,4.4615,4.6322,105.22000122070312
2023-11-07,4.1667,4.4513,4.6283,105.54000091552734
2023-11-08,4.1804,4.4584,4.6343,105.58999633789062
2023-11-09,4.1513,4.4413,4.61,105.91000366210938
2023-11-10,4.1423,4.4227,4.5905,105.86000061035156
2023-11-13,4.1474,4.4336,4.5975,105.66000366210938
2023-11-14,4.121,4.4163,4.572,104.11000061035156
2023-11-15,4.0453,4.39,4.5495,104.38999938964844
2023-11-16,4.0415,4.3854,4.5452,104.37000274658205
2023-11-17,4.0327,4.3767,4.5427,103.81999969482422
2023-11-20,3.9938,4.368,4.5248,103.47000122070312
2023-11-21,3.9882,4.3647,4.5106,103.58999633789062
2023-11-22,4.018,4.3804,4.5433,103.91999816894533
2023-11-24,4.0103,4.3722,4.5348,103.4000015258789
2023-11-27,3.9769,4.3543,4.512,103.1999969482422
2023-11-28,3.975,4.3542,4.5175,102.75
2023-11-29,3.9478,4.3327,4.5031,102.7699966430664
2023-11-30,3.981,4.3492,4.551,103.5
2023-12-01,3.991,4.3494,4.567,103.2699966430664
2023-12-04,3.985,4.3337,4.5678,103.63999938964844
2023-12-05,3.991,4.3233,4.5689,104.0500030517578
2023-12-06,4.0202,4.3382,4.5982,104.1500015258789
2023-12-07,4.0199,4.3334,4.6027,103.54000091552734
2023-12-08,4.0181,4.3303,4.5913,104.01000213623048
2023-12-11,4.0277,4.3366,4.5824,104.0999984741211
2023-12-12,4.0204,4.3396,4.581,103.87000274658205
2023-12-13,4.0149,4.3309,4.5827,102.87000274658205
2023-12-14,3.9484,4.3053,4.5328,101.95999908447266
2023-12-15,3.9326,4.3103,4.5374,102.5500030517578
2023-12-18,3.9625,4.3269,4.5611,102.51000213623048
2023-12-19,3.9591,4.3321,4.5709,102.16999816894533
2023-12-20,3.9527,4.3341,4.5885,102.41000366210938
2023-12-21,3.9645,4.3387,4.5988,101.83999633789062
2023-12-22,3.9338,4.3288,4.597,101.6999969482422
2023-12-27,3.9178,4.3311,4.599,100.98999786376952
2023-12-28,3.899,4.3392,4.6671,101.2300033569336
2023-12-29,3.935,4.348,4.6828,101.33000183105467
2024-01-02,3.9432,4.3434,4.6596,102.1999969482422
2024-01-03,3.9909,4.3646,4.6873,102.45999908447266
2024-01-04,3.9684,4.3525,4.6718,102.41999816894533
2024-01-05,3.985,4.3484,4.6714,102.41000366210938
2024-01-08,3.9812,4.3548,4.6793,102.20999908447266
2024-01-09,3.9612,4.3351,4.6616,102.56999969482422
2024-01-10,3.9656,4.3413,4.6538,102.36000061035156
2024-01-11,3.968,4.3505,4.6637,102.29000091552734
2024-01-12,3.9746,4.3574,4.6556,102.4000015258789
2024-01-16,4.0358,4.3934,4.69,103.36000061035156
2024-01-17,4.0434,4.3978,4.6912,103.4499969482422
2024-01-18,4.0437,4.4016,4.6793,103.54000091552734
2024-01-19,4.0289,4.3846,4.6388,103.29000091552734
2024-01-22,3.9972,4.356,4.6073,103.33000183105467
2024-01-23,4.0133,4.3697,4.6228,103.62000274658205
2024-01-24,4.0131,4.3755,4.6387,103.23999786376952
2024-01-25,4.0189,4.379,4.6543,103.56999969482422
2024-01-26,4.0393,4.3802,4.669,103.47000122070312
2024-01-29,4.0326,4.3653,4.6785,103.61000061035156
2024-01-30,4.0301,4.3634,4.6692,103.4000015258789
2024-01-31,4.0135,4.3434,4.6511,103.2699966430664
2024-02-01,4.0047,4.3247,4.6415,103.0500030517578
2024-02-02,3.9641,4.3173,4.6291,103.91999816894533
2024-02-05,4.0244,4.3278,4.624,104.4499969482422
2024-02-06,4.0484,4.3435,4.6378,104.18000030517578
2024-02-07,4.0362,4.3466,4.6322,104.04000091552734
2024-02-08,4.0292,4.3449,4.6166,104.1500015258789
2024-02-09,4.0096,4.3167,4.5779,104.08000183105467
2024-02-12,4.0189,4.328,4.5906,104.16999816894533
2024-02-13,4.0136,4.3214,4.562,104.95999908447266
2024-02-14,4.0593,4.3435,4.5748,104.72000122070312
2024-02-15,4.0495,4.3463,4.5849,104.3000030517578
2024-02-16,4.0325,4.3414,4.5769,104.27999877929688
2024-02-20,3.9994,4.3186,4.5361,104.08000183105467
2024-02-21,3.9966,4.3163,4.5385,104.01000213623048
2024-02-22,3.9804,4.3199,4.5379,103.95999908447266
2024-02-23,4.005,4.3326,4.5427,103.94000244140624
2024-02-26,3.9776,4.3117,4.5208,103.83000183105467
2024-02-27,3.9682,4.3067,4.5113,103.83000183105467
2024-02-28,3.9922,4.3116,4.5292,103.9800033569336
2024-02-29,3.9803,4.319,4.5332,104.16000366210938
2024-03-01,3.9922,4.3176,4.5099,103.86000061035156
2024-03-04,3.982,4.3201,4.5119,103.83000183105467
2024-03-05,3.9838,4.3228,4.4971,103.8000030517578
2024-03-06,3.963,4.3106,4.4806,103.37000274658205
2024-03-07,3.9485,4.3045,4.4827,102.81999969482422
2024-03-08,3.9392,4.3079,4.4942,102.73999786376952
2024-03-11,3.9262,4.2933,4.4776,102.87000274658205
2024-03-12,3.9162,4.2804,4.4697,102.95999908447266
2024-03-13,3.9269,4.2896,4.4686,102.79000091552734
2024-03-14,3.9183,4.287,4.4538,103.36000061035156
2024-03-15,3.9392,4.2929,4.4613,103.43000030517578
2024-03-18,3.9528,4.3086,4.4711,103.58000183105467
2024-03-19,3.9866,4.3201,4.4886,103.80999755859376
2024-03-20,3.9895,4.3242,4.4771,103.41000366210938
2024-03-21,3.9431,4.3031,4.4069,104.0
2024-03-22,3.9928,4.3186,4.4337,104.43000030517578
2024-03-25,3.9833,4.3091,4.4371,104.2300033569336
2024-03-26,3.9704,4.3093,4.4047,104.29000091552734
2024-03-27,3.9857,4.3153,4.4018,104.3499984741211
2024-03-28,4.0081,4.3191,4.4228,104.5500030517578
2024-04-02,4.0009,4.2934,4.4037,104.81999969482422
2024-04-03,3.9843,4.2923,4.3875,104.25
2024-04-04,3.9515,4.2921,4.3621,104.12000274658205
2024-04-05,3.9571,4.2883,4.3796,104.3000030517578
2024-04-08,3.9546,4.2805,4.3667,104.13999938964844
2024-04-09,3.9223,4.2588,4.3366,104.1500015258789
2024-04-10,3.9264,4.2641,4.3447,105.25
2024-04-11,3.9707,4.2649,4.3451,105.27999877929688
2024-04-12,3.9983,4.2666,4.3805,106.04000091552734
2024-04-15,4.0209,4.2851,4.4047,106.20999908447266
2024-04-16,4.0687,4.3197,4.4554,106.26000213623048
2024-04-17,4.0741,4.3353,4.4777,105.9499969482422
2024-04-18,4.0559,4.3309,4.4637,106.1500015258789
2024-04-19,4.0688,4.3316,4.4787,106.1500015258789
2024-04-22,4.054,4.3203,4.4505,106.08000183105467
2024-04-23,4.061,4.3335,4.4535,105.69000244140624
2024-04-24,4.0417,4.3177,4.4202,105.86000061035156
2024-04-25,4.0276,4.3198,4.4131,105.5999984741211
2024-04-26,4.0245,4.3225,4.4145,105.94000244140624
2024-04-29,4.0346,4.319,4.4259,105.58000183105467
2024-04-30,4.0341,4.3213,4.4217,106.22000122070312
2024-05-02,4.0474,4.3323,4.4345,105.3000030517578
2024-05-06,4.0202,4.3294,4.4438,105.0500030517578
2024-05-07,4.0056,4.3116,4.412,105.41000366210938
2024-05-08,4.0202,4.3195,4.4253,105.5500030517578
2024-05-09,4.0076,4.2993,4.4061,105.2300033569336
2024-05-10,3.9866,4.2979,4.3984,105.30999755859376
2024-05-13,3.9853,4.2977,4.3964,105.22000122070312
2024-05-14,3.9701,4.2812,4.3737,105.01000213623048
2024-05-15,3.9368,4.2635,4.3498,104.3499984741211
2024-05-16,3.9195,4.2617,4.3445,104.45999908447266
2024-05-17,3.9363,4.2685,4.3302,104.4499969482422
2024-05-20,3.9149,4.2575,4.3072,104.56999969482422
2024-05-21,3.9175,4.2572,4.3052,104.66000366210938
2024-05-22,3.9243,4.2575,4.2994,104.94000244140624
2024-05-23,3.9394,4.2699,4.3072,105.11000061035156
2024-05-24,3.9376,4.2624,4.3039,104.72000122070312
2024-05-28,3.9183,4.2592,4.2959,104.61000061035156
2024-05-29,3.9244,4.2529,4.2996,105.0999984741211
2024-05-31,3.9389,4.2678,4.3471,104.66999816894533
2024-06-03,3.9501,4.2817,4.3756,104.13999938964844
2024-06-04,3.9448,4.2923,4.4067,104.11000061035156
2024-06-05,3.9607,4.3081,4.4397,104.2699966430664
2024-06-06,3.953,4.2997,4.4311,104.0999984741211
2024-06-07,3.9389,4.2891,4.4284,104.88999938964844
2024-06-10,4.0159,4.3197,4.4771,105.1500015258789
2024-06-11,4.0443,4.3456,4.5095,105.2300033569336
2024-06-12,4.0342,4.3354,4.4994,104.6500015258789
2024-06-13,4.0119,4.3355,4.4804,105.1999969482422
2024-06-14,4.076,4.3581,4.569,105.5500030517578
2024-06-17,4.0728,4.3608,4.567,105.31999969482422
2024-06-18,4.0549,4.3468,4.5614,105.26000213623048
2024-06-20,4.0345,4.3238,4.5359,105.58999633789062
2024-06-21,4.0527,4.3331,4.5437,105.8000030517578
2024-06-24,4.0319,4.3198,4.5104,105.47000122070312
2024-06-25,3.9975,4.2909,4.4732,105.61000061035156
2024-06-26,4.0291,4.3087,4.4903,106.0500030517578
2024-06-27,4.0312,4.3085,4.4906,105.91000366210938
2024-06-28,4.032,4.313,4.4813,105.87000274658205
2024-07-01,3.9915,4.2981,4.4335,105.9000015258789
2024-07-02,4.0375,4.3286,4.465,105.72000122070312
2024-07-03,3.999,4.3021,4.4253,105.4000015258789
2024-07-05,3.9581,4.2858,4.4059,104.87999725341795
2024-07-08,3.947,4.278,4.4078,105.01000213623048
2024-07-09,3.9391,4.2633,4.3841,105.12000274658205
2024-07-10,3.9324,4.2529,4.3819,105.0500030517578
2024-07-11,3.9257,4.2586,4.3698,104.44000244140624
2024-07-12,3.9099,4.2567,4.3647,104.08999633789062
2024-07-15,3.896,4.2499,4.358,104.19000244140624
2024-07-16,3.9083,4.2604,4.3658,104.2699966430664
2024-07-17,3.921,4.2904,4.4183,103.75
2024-07-18,3.9296,4.2954,4.4436,104.16999816894533
2024-07-19,3.9461,4.293,4.4425,104.4000015258789
2024-07-22,3.9307,4.2797,4.4276,104.30999755859376
2024-07-23,3.9355,4.281,4.4214,104.4499969482422
2024-07-24,3.9498,4.2796,4.441,104.38999938964844
2024-07-25,3.9619,4.2971,4.4984,104.36000061035156
2024-07-26,3.9415,4.2773,4.4618,104.31999969482422
2024-07-29,3.9556,4.2847,4.4686,104.55999755859376
2024-07-30,3.9567,4.2845,4.4646,104.5500030517578
2024-07-31,3.9689,4.2953,4.5034,104.0999984741211
2024-08-01,3.9802,4.2924,4.5444,104.41999816894533
2024-08-02,3.9672,4.2903,4.5508,103.20999908447266
2024-08-05,3.9331,4.3073,4.6263,102.69000244140624
2024-08-06,3.9467,4.313,4.6202,102.97000122070312
2024-08-07,3.9526,4.3158,4.6025,103.1999969482422
2024-08-08,3.952,4.3225,4.604,103.20999908447266
2024-08-09,3.9604,4.3238,4.5762,103.13999938964844
2024-08-12,3.9488,4.3123,4.5464,103.13999938964844
2024-08-13,3.9314,4.2945,4.5329,102.55999755859376
2024-08-14,3.8963,4.2933,4.5176,102.56999969482422
2024-08-16,3.8914,4.2732,4.4797,102.45999908447266
2024-08-19,3.8682,4.2693,4.474,101.88999938964844
2024-08-20,3.8506,4.2665,4.4771,101.44000244140624
2024-08-21,3.8565,4.2879,4.5095,101.04000091552734
2024-08-22,3.8456,4.285,4.5174,101.51000213623048
2024-08-23,3.8453,4.2769,4.5132,100.72000122070312
2024-08-26,3.8284,4.2803,4.5261,100.8499984741211
2024-08-27,3.8331,4.2802,4.5219,100.5500030517578
2024-08-28,3.8539,4.2938,4.571,101.08999633789062
2024-08-29,3.867,4.2862,4.579,101.33999633789062
2024-08-30,3.8644,4.2798,4.5532,101.6999969482422
2024-09-03,3.8701,4.2757,4.5387,101.83000183105467
2024-09-04,3.8738,4.2815,4.5647,101.36000061035156
2024-09-05,3.8487,4.2717,4.5485,101.11000061035156
2024-09-06,3.8489,4.279,4.577,101.18000030517578
2024-09-09,3.8758,4.2818,4.5687,101.5500030517578
2024-09-10,3.8798,4.2827,4.5746,101.62999725341795
2024-09-11,3.8816,4.2864,4.59,101.68000030517578
2024-09-12,3.9025,4.2986,4.5674,101.37000274658205
2024-09-13,3.8659,4.2883,4.5574,101.11000061035156
2024-09-16,3.8438,4.2753,4.5518,100.76000213623048
2024-09-17,3.8354,4.2748,4.5484,100.88999938964844
2024-09-18,3.8358,4.2691,4.545,100.5999984741211
2024-09-19,3.8249,4.2693,4.5209,100.61000061035156
2024-09-20,3.8317,4.2779,4.5223,100.72000122070312
2024-09-23,3.8571,4.2785,4.5321,100.91999816894533
2024-09-24,3.83,4.2668,4.5173,100.37000274658205
2024-09-25,3.8117,4.2634,4.5027,100.91999816894533
2024-09-26,3.8294,4.2665,4.5074,100.55999755859376
2024-09-27,3.8368,4.2761,4.5396,100.41999816894533
2024-09-30,3.8193,4.2791,4.5279,100.77999877929688
2024-10-01,3.859,4.2846,4.5574,101.19000244140624
2024-10-02,3.8792,4.2952,4.583,101.68000030517578
2024-10-03,3.8951,4.299,4.578,101.98999786376952
2024-10-04,3.9118,4.313,4.5934,102.5199966430664
2024-10-07,3.9368,4.3185,4.5876,102.54000091552734
2024-10-08,3.9299,4.3203,4.5988,102.5500030517578
2024-10-09,3.9266,4.3026,4.5785,102.93000030517578
2024-10-10,3.9355,4.3029,4.5737,102.98999786376952
2024-10-11,3.9204,4.2926,4.579,102.88999938964844
2024-10-14,3.9288,4.2928,4.5688,103.3000030517578
2024-10-15,3.9332,4.2913,4.5652,103.26000213623048
2024-10-16,3.9468,4.2955,4.5777,103.58999633789062
2024-10-17,3.9786,4.3174,4.5991,103.83000183105467
2024-10-18,3.9718,4.3048,4.5852,103.48999786376952
2024-10-21,3.9775,4.3178,4.5985,104.01000213623048
2024-10-22,3.9862,4.3159,4.6063,104.08000183105467
2024-10-23,4.0176,4.3344,4.636,104.43000030517578
2024-10-24,4.0168,4.3396,4.64,104.05999755859376
2024-10-25,4.0219,4.3533,4.6403,104.26000213623048
2024-10-28,4.0207,4.3478,4.6359,104.31999969482422
2024-10-29,4.0251,4.3542,4.6472,104.27999877929688
2024-10-30,3.9989,4.335,4.6144,103.98999786376952
2024-10-31,4.0059,4.353,4.6296,103.9800033569336
2024-11-04,3.9869,4.3443,4.6164,103.88999938964844
2024-11-05,4.0038,4.3607,4.6437,103.41999816894533
2024-11-06,4.0595,4.3662,4.6437,105.08999633789062
2024-11-07,4.0414,4.3431,4.6122,104.51000213623048
2024-11-08,4.0117,4.3244,4.6031,105.0
2024-11-12,4.1011,4.357,4.646,106.0199966430664
2024-11-13,4.0853,4.3416,4.6288,106.4800033569336
2024-11-14,4.122,4.3365,4.635,106.66999816894533
2024-11-15,4.0898,4.3198,4.6041,106.69000244140624
2024-11-18,4.0997,4.332,4.6275,106.27999877929688
2024-11-19,4.1052,4.3308,4.646,106.20999908447266
2024-11-20,4.112,4.3404,4.6444,106.68000030517578
2024-11-21,4.1332,4.3469,4.6748,106.97000122070312
2024-11-22,4.1752,4.343,4.6959,107.48999786376952
2024-11-25,4.1297,4.3319,4.6457,106.81999969482422
2024-11-26,4.1073,4.3157,4.6361,107.01000213623048
2024-11-27,4.0974,4.309,4.6408,106.08000183105467
2024-11-29,4.077,4.3043,4.6268,105.73999786376952
2024-12-02,4.0827,4.2923,4.6077,106.4499969482422
2024-12-03,4.0803,4.2927,4.6089,106.37000274658205
2024-12-04,4.0845,4.2899,4.6041,106.33999633789062
2024-12-05,4.0554,4.2695,4.5827,105.70999908447266
2024-12-06,4.0341,4.2669,4.5898,105.97000122070312
2024-12-09,4.0298,4.2581,4.5813,106.1500015258789
2024-12-10,4.0518,4.2672,4.6025,106.4000015258789
2024-12-11,4.0628,4.2661,4.5944,106.70999908447266
2024-12-12,4.074,4.2818,4.5949,106.95999908447266
2024-12-13,4.0738,4.2722,4.5534,107.0
2024-12-16,4.0571,4.2622,4.5563,106.86000061035156
2024-12-17,4.0623,4.2599,4.527,106.95999908447266
2024-12-18,4.0621,4.2628,4.5448,108.02999877929688
2024-12-19,4.0944,4.2633,4.5685,108.41000366210938
2024-12-20,4.1002,4.2572,4.5801,107.62000274658205
2024-12-23,4.095,4.2621,4.5728,108.04000091552734
2024-12-24,4.1127,4.2739,4.5654,108.26000213623048
2024-12-27,4.1036,4.2747,4.5604,108.0
2024-12-30,4.096,4.2738,4.5413,108.12999725341795
2024-12-31,4.1012,4.273,4.5371,108.48999786376952
2025-01-02,4.1219,4.2668,4.5554,109.38999938964844
2025-01-03,4.1512,4.2718,4.5658,108.9499969482422
2025-01-07,4.077,4.2515,4.5097,108.54000091552734
2025-01-08,4.1335,4.2656,4.533,109.08999633789062
2025-01-09,4.1523,4.2794,4.5555,109.18000030517578
2025-01-10,4.1415,4.2657,4.5341,109.6500015258789
2025-01-13,4.1904,4.2715,4.5699,109.95999908447266
2025-01-14,4.1658,4.2737,4.5477,109.2699966430664
2025-01-15,4.133,4.2611,4.5331,109.08999633789062
2025-01-16,4.1433,4.262,4.5476,108.95999908447266
2025-01-17,4.1462,4.2691,4.5503,109.3499984741211
2025-01-21,4.1101,4.2554,4.5138,108.05999755859376
2025-01-22,4.0646,4.2461,4.4947,108.16999816894533
2025-01-23,4.0515,4.2182,4.4658,108.0500030517578
2025-01-24,4.0124,4.21,4.4365,107.44000244140624
2025-01-27,4.021,4.2176,4.4605,107.33999633789062
2025-01-28,4.0337,4.2092,4.453,107.87000274658205
2025-01-29,4.0443,4.2077,4.4625,108.0
2025-01-30,4.0393,4.2039,4.4502,107.8000030517578
2025-01-31,4.0576,4.213,4.4549,108.37000274658205
2025-02-03,4.1352,4.2305,4.507,108.98999786376952
2025-02-04,4.0864,4.2249,4.4924,107.95999908447266
2025-02-05,4.0426,4.2059,4.4779,107.58000183105467
2025-02-06,4.0613,4.2073,4.4861,107.69000244140624
2025-02-07,4.0321,4.1898,4.4506,108.04000091552734
2025-02-10,4.0548,4.1872,4.4545,108.31999969482422
2025-02-11,4.0497,4.1783,4.4412,107.95999908447266
2025-02-12,4.0215,4.1721,4.4166,107.94000244140624
2025-02-13,3.996,4.1652,4.4016,107.30999755859376
2025-02-14,3.972,4.1632,4.4043,106.56999969482422
2025-02-18,3.9729,4.1574,4.4124,107.0500030517578
2025-02-19,3.9875,4.1582,4.4079,107.16999816894533
2025-02-20,3.9974,4.1723,4.4313,106.33999633789062
2025-02-21,3.9835,4.1705,4.4313,106.61000061035156
2025-02-24,3.9734,4.1609,4.4187,106.5999984741211
2025-02-25,3.947,4.1339,4.4041,106.30999755859376
2025-02-26,3.9434,4.1394,4.4076,106.41999816894533
2025-02-27,3.9459,4.1371,4.3965,107.23999786376952
2025-02-28,3.9993,4.1575,4.4344,107.61000061035156
2025-03-03,4.0112,4.1827,4.4528,106.75
2025-03-04,3.9543,4.1568,4.4356,105.73999786376952
2025-03-05,3.8785,4.1545,4.3787,105.73999786376952
2025-03-06,3.8674,4.1766,4.3645,104.05999755859376
2025-03-07,3.8448,4.176,4.3762,103.83999633789062
2025-03-10,3.8573,4.1857,4.3977,103.91000366210938
2025-03-11,3.8481,4.1977,4.3669,103.44000244140624
2025-03-12,3.8496,4.2017,4.3568,103.61000061035156
2025-03-13,3.8568,4.196,4.3722,103.83000183105467
2025-03-14,3.8509,4.179,4.3531,103.72000122070312
2025-03-17,3.8329,4.1777,4.3423,103.37000274658205
2025-03-18,3.8152,4.1776,4.337,103.23999786376952
2025-03-19,3.8473,4.1945,4.38,103.43000030517578
2025-03-20,3.8675,4.1972,4.3844,103.8499984741211
2025-03-21,3.8774,4.1979,4.3911,104.08999633789062
2025-03-24,3.859,4.1832,4.3764,104.26000213623048
2025-03-25,3.8578,4.1664,4.3655,104.18000030517578
2025-03-26,3.8614,4.1686,4.3696,104.5500030517578
2025-03-27,3.8913,4.1913,4.4003,104.06999969482422
2025-03-28,3.8817,4.1819,4.3976,104.04000091552734
2025-03-31,3.8643,4.1839,4.3875,104.20999908447266
2025-04-01,3.8656,4.1818,4.38,104.26000213623048
2025-04-02,3.8707,4.1794,4.3763,103.80999755859376
2025-04-03,3.7968,4.1791,4.3827,102.06999969482422
2025-04-04,3.856,4.2403,4.5069,103.0199966430664
2025-04-07,3.9097,4.2975,4.5933,103.26000213623048
2025-04-08,3.927,4.2946,4.5702,102.95999908447266
2025-04-09,3.8828,4.2818,4.6068,102.9000015258789
2025-04-10,3.8637,4.2644,4.5657,100.87000274658205
2025-04-11,3.7606,4.2972,4.6249,99.77999877929688
2025-04-14,3.7564,4.2776,4.5976,99.63999938964844
2025-04-15,3.7692,4.2767,4.6257,100.22000122070312
2025-04-16,3.7851,4.3033,4.6317,99.37999725341795
2025-04-17,3.7684,4.2879,4.6144,99.37999725341795
2025-04-22,3.722,4.2801,4.5919,98.91999816894533
2025-04-23,3.7583,4.2893,4.575,99.83999633789062
2025-04-24,3.7599,4.2789,4.5484,99.29000091552734
2025-04-25,3.7611,4.2688,4.5278,99.47000122070312
2025-04-28,3.7701,4.2766,4.539,99.01000213623048
2025-04-29,3.7458,4.2646,4.5404,99.23999786376952
2025-04-30,3.7617,4.2778,4.5562,99.47000122070312
2025-05-02,3.7722,4.275,4.5654,100.0
2025-05-05,3.7752,4.276,4.5764,99.83000183105467
2025-05-06,3.7789,4.2806,4.5855,99.23999786376952
2025-05-07,3.7642,4.2757,4.5595,99.61000061035156
2025-05-08,3.784,4.2714,4.5762,100.63999938964844
2025-05-09,3.7681,4.2414,4.5389,100.33999633789062
2025-05-12,3.8011,4.2337,4.5164,101.79000091552734
2025-05-13,3.8266,4.2525,4.5564,101.0
2025-05-14,3.7775,4.2455,4.5206,101.04000091552734
2025-05-15,3.7804,4.2378,4.5184,100.87999725341795
2025-05-16,3.7853,4.2392,4.531,101.08999633789062
2025-05-19,3.8004,4.2785,4.5608,100.43000030517578
2025-05-20,3.7747,4.2497,4.5376,100.12000274658205
2025-05-21,3.7452,4.2403,4.5365,99.55999755859376
2025-05-22,3.7559,4.2447,4.5456,99.95999908447266
2025-05-23,3.7506,4.2541,4.5392,99.11000061035156
2025-05-26,3.7344,4.2514,4.545,98.93000030517578
2025-05-27,3.743,4.2479,4.5369,99.5199966430664
2025-05-28,3.7456,4.2447,4.5306,99.87999725341795
2025-05-29,3.7588,4.2369,4.53,99.27999877929688
2025-05-30,3.7537,4.2507,4.5555,99.33000183105467
2025-06-02,3.7282,4.2578,4.5592,98.6999969482422
2025-06-03,3.7437,4.2721,4.5718,99.25
2025-06-04,3.7525,4.2778,4.564,98.79000091552734
2025-06-05,3.7495,4.2791,4.57,98.73999786376952
2025-06-06,3.7565,4.2881,4.5696,99.19000244140624
2025-06-09,3.7427,4.2772,4.5628,98.94000244140624
2025-06-10,3.7352,4.2611,4.5486,99.0500030517578
2025-06-11,3.7306,4.2643,4.5382,98.62999725341795
2025-06-12,3.6929,4.2631,4.5333,97.91999816894533
2025-06-13,3.7056,4.272,4.5604,98.18000030517578
2025-06-16,3.6804,4.2612,4.5317,98.0
2025-06-17,3.7005,4.275,4.5527,98.81999969482422
2025-06-18,3.7137,4.2717,4.5446,98.91000366210938
2025-06-20,3.7067,4.2709,4.5423,98.70999908447266
2025-06-23,3.7212,4.2727,4.5495,98.41999816894533
2025-06-24,3.6753,4.2604,4.5294,97.86000061035156
2025-06-25,3.659,4.2479,4.5427,97.68000030517578
2025-06-26,3.6222,4.2479,4.5306,97.1500015258789
2025-06-27,3.6177,4.2362,4.5307,97.4000015258789
2025-06-30,3.6164,4.2419,4.5336,96.87999725341795
2025-07-01,3.593,4.2415,4.5495,96.81999969482422
2025-07-02,3.609,4.25,4.554,96.77999877929688
2025-07-03,3.6137,4.2634,4.563,97.18000030517578
2025-07-07,3.6269,4.2524,4.55,97.4800033569336
2025-07-08,3.6135,4.2455,4.537,97.51000213623048
2025-07-09,3.6198,4.2399,4.5451,97.47000122070312
2025-07-10,3.6209,4.2464,4.5535,97.6500015258789
2025-07-11,3.6432,4.2563,4.5695,97.8499984741211
2025-07-14,3.6475,4.2614,4.576,98.08000183105467
2025-07-15,3.6396,4.2538,4.5732,98.62000274658205
2025-07-16,3.6631,4.2585,4.5719,98.38999938964844
2025-07-17,3.6686,4.2559,4.5662,98.7300033569336
2025-07-18,3.6535,4.2509,4.5537,98.4800033569336
2025-07-21,3.6455,4.2445,4.5554,97.8499984741211
2025-07-22,3.6353,4.2531,4.5612,97.38999938964844
2025-07-23,3.626,4.2544,4.5746,97.20999908447266
2025-07-24,3.6158,4.2514,4.5543,97.37999725341795
2025-07-25,3.6228,4.2544,4.5514,97.6500015258789
2025-07-28,3.6446,4.2565,4.5607,98.66000366210938
2025-07-29,3.6941,4.2737,4.588,98.91000366210938
2025-07-30,3.6981,4.2732,4.5958,99.94000244140624
2025-07-31,3.7257,4.2661,4.5838,100.02999877929688
2025-08-01,3.7536,4.2813,4.5937,98.69000244140624
2025-08-04,3.6977,4.2734,4.57,98.77999877929688
2025-08-05,3.7066,4.2763,4.5702,98.77999877929688
2025-08-06,3.6994,4.282,4.5733,98.18000030517578
2025-08-07,3.6477,4.2618,4.5249,98.4000015258789
2025-08-08,3.6577,4.2566,4.5237,98.18000030517578
2025-08-11,3.6495,4.2533,4.5145,98.5199966430664
2025-08-12,3.6702,4.2626,4.5311,98.0999984741211
2025-08-13,3.6353,4.2586,4.5249,97.83999633789062
2025-08-14,3.6542,4.2639,4.5296,98.25
2025-08-18,3.6434,4.2558,4.5135,98.16999816894533
2025-08-19,3.6332,4.242,4.5077,98.2699966430664
2025-08-20,3.654,4.2524,4.5226,98.22000122070312
2025-08-21,3.6483,4.2521,4.5307,98.62000274658205
2025-08-22,3.6786,4.267,4.5452,97.72000122070312
2025-08-25,3.6421,4.2627,4.5416,98.43000030517578
2025-08-26,3.6716,4.2657,4.5511,98.2300033569336
2025-08-27,3.6793,4.2639,4.5623,98.2300033569336
2025-08-28,3.6658,4.2681,4.5753,97.80999755859376
2025-08-29,3.6559,4.2684,4.5659,97.7699966430664
2025-09-02,3.6626,4.2651,4.5541,98.4000015258789
2025-09-03,3.6538,4.2589,4.5436,98.13999938964844
2025-09-04,3.6501,4.2553,4.5378,98.3499984741211
2025-09-05,3.6357,4.2476,4.5257,97.7699966430664
2025-09-08,3.6214,4.2484,4.5498,97.4499969482422
2025-09-09,3.6173,4.254,4.5614,97.79000091552734
2025-09-10,3.6414,4.2604,4.5659,97.77999877929688
2025-09-11,3.6459,4.2626,4.5611,97.54000091552734
